"AlarmName","ErrorCode","SrNo","Device","AlarmDescription","Message","Severity","AckRequired","PlcTag","Shortcut","PlcReference","TriggerTag","MappingStatus"
"ALM_E001","E001","1","AENTR IO 01","Communication  Faulted","E001 AENTR IO 01 Communication  Faulted","500","true","","","","","Unmapped"
"ALM_E002","E002","2","AENTR IO 02","Communication  Faulted","E002 AENTR IO 02 Communication  Faulted","500","true","","","","","Unmapped"
"ALM_E003","E003","3","Remote IO 01","Communication  Faulted","E003 Remote IO 01 Communication  Faulted","500","true","","","","","Unmapped"
"ALM_E004","E004","4","Remote IO 02","Communication  Faulted","E004 Remote IO 02 Communication  Faulted","500","true","","","","","Unmapped"
"ALM_E005","E005","5","Tray Pusher Servo 01","Drive Communication  Faulted","E005 Tray Pusher Servo 01 Drive Communication  Faulted","500","true","FB_Servo01","Offline","[Offline]FB_Servo01","FB_Servo01.Alarm.E005","Mapped"
"ALM_E006","E006","6","Plate Pusher Servo 01","Drive Communication  Faulted","E006 Plate Pusher Servo 01 Drive Communication  Faulted","500","true","FB_Servo02","Offline","[Offline]FB_Servo02","FB_Servo02.Alarm.E006","Mapped"
"ALM_E007","E007","7","Plate Guide Servo 01","Drive Communication  Faulted","E007 Plate Guide Servo 01 Drive Communication  Faulted","500","true","FB_Servo03","Offline","[Offline]FB_Servo03","FB_Servo03.Alarm.E007","Mapped"
"ALM_E008","E008","8","Tray Pusher Servo 02","Drive Communication  Faulted","E008 Tray Pusher Servo 02 Drive Communication  Faulted","500","true","FB_Servo04","Offline","[Offline]FB_Servo04","FB_Servo04.Alarm.E008","Mapped"
"ALM_E009","E009","9","Plate Pusher Servo 02","Drive Communication  Faulted","E009 Plate Pusher Servo 02 Drive Communication  Faulted","500","true","FB_Servo05","Offline","[Offline]FB_Servo05","FB_Servo05.Alarm.E009","Mapped"
"ALM_E010","E010","10","Plate Guide Servo 02","Drive Communication  Faulted","E010 Plate Guide Servo 02 Drive Communication  Faulted","500","true","FB_Servo06","Offline","[Offline]FB_Servo06","FB_Servo06.Alarm.E010","Mapped"
"ALM_E011","E011","11","Printer Assembly Servo Slide","Drive Communication  Faulted","E011 Printer Assembly Servo Slide Drive Communication  Faulted","500","true","FB_Servo07","Offline","[Offline]FB_Servo07","FB_Servo07.Alarm.E011","Mapped"
"ALM_E012","E012","12","Tray Insertion Servo Slide","Drive Communication  Faulted","E012 Tray Insertion Servo Slide Drive Communication  Faulted","500","true","FB_Servo08","Offline","[Offline]FB_Servo08","FB_Servo08.Alarm.E012","Mapped"
"ALM_E013","E013","13","Tray Stacker Servo 01","Drive Communication  Faulted","E013 Tray Stacker Servo 01 Drive Communication  Faulted","500","true","FB_Servo09","Offline","[Offline]FB_Servo09","FB_Servo09.Alarm.E013","Mapped"
"ALM_E014","E014","14","Tray Stacker Servo 02","Drive Communication  Faulted","E014 Tray Stacker Servo 02 Drive Communication  Faulted","500","true","FB_Servo10","Offline","[Offline]FB_Servo10","FB_Servo10.Alarm.E014","Mapped"
"ALM_E015","E015","15","Plate Feeding Conveyor","Drive Communication  Faulted","E015 Plate Feeding Conveyor Drive Communication  Faulted","500","true","FB_Drive01","Offline","[Offline]FB_Drive01","FB_Drive01.Alarm.E015","Mapped"
"ALM_E016","E016","16","Tray Feeding Conveyor","Drive Communication  Faulted","E016 Tray Feeding Conveyor Drive Communication  Faulted","500","true","FB_Drive02","Offline","[Offline]FB_Drive02","FB_Drive02.Alarm.E016","Mapped"
"ALM_E017","E017","17","Sealing Conveyor","Drive Communication  Faulted","E017 Sealing Conveyor Drive Communication  Faulted","500","true","FB_Drive03","Offline","[Offline]FB_Drive03","FB_Drive03.Alarm.E017","Mapped"
"ALM_E018","E018","18","Plate Handling ROBOT-01","Communication  Faulted","E018 Plate Handling ROBOT-01 Communication  Faulted","500","true","FB_ROB01","Offline","[Offline]FB_ROB01","FB_ROB01.Alarm.E018","Mapped"
"ALM_E019","E019","19","Plate Handling ROBOT-02","Communication  Faulted","E019 Plate Handling ROBOT-02 Communication  Faulted","500","true","FB_ROB02","Offline","[Offline]FB_ROB02","FB_ROB02.Alarm.E019","Mapped"
"ALM_E020","E020","20","Tray Transfer Robot 01","Communication  Faulted","E020 Tray Transfer Robot 01 Communication  Faulted","500","true","","","","","Unmapped"
"ALM_E021","E021","21","Bag Transfer Robot 01","Communication  Faulted","E021 Bag Transfer Robot 01 Communication  Faulted","500","true","","","","","Unmapped"
"ALM_E022","E022","22","Valve Bank","Communication  Faulted","E022 Valve Bank Communication  Faulted","500","true","","","","","Unmapped"
"ALM_E023","E023","23","Spare","","E023 Spare","500","true","","","","","Unmapped"
"ALM_E024","E024","24","Spare","","E024 Spare","500","true","","","","","Unmapped"
"ALM_E025","E025","25","","","E025","500","true","","","","","Unmapped"
"ALM_E026","E026","26","","","E026","500","true","","","","","Unmapped"
"ALM_E027","E027","27","","","E027","500","true","","","","","Unmapped"
"ALM_E028","E028","28","","","E028","500","true","","","","","Unmapped"
"ALM_E029","E029","29","","","E029","500","true","","","","","Unmapped"
"ALM_E030","E030","30","","","E030","500","true","","","","","Unmapped"
"ALM_E031","E031","31","","","E031","500","true","","","","","Unmapped"
"ALM_E032","E032","32","","","E032","500","true","","","","","Unmapped"
"ALM_E101","E101","33","Air Pressure","Low","E101 Air Pressure Low","500","true","","","","","Unmapped"
"ALM_E102","E102","34","E-Stop At HMI","Pressed","E102 E-Stop At HMI Pressed","500","true","","","","","Unmapped"
"ALM_E103","E103","35","E-Stop At Fame 02","Pressed","E103 E-Stop At Fame 02 Pressed","500","true","","","","","Unmapped"
"ALM_E104","E104","36","Frame 01 Door 01","Open","E104 Frame 01 Door 01 Open","500","true","","","","","Unmapped"
"ALM_E105","E105","37","Frame 01 Door 02","Open","E105 Frame 01 Door 02 Open","500","true","","","","","Unmapped"
"ALM_E106","E106","38","Frame 01 Door 03","Open","E106 Frame 01 Door 03 Open","500","true","","","","","Unmapped"
"ALM_E107","E107","39","Frame 01 Tray 01 Door 04","Open","E107 Frame 01 Tray 01 Door 04 Open","500","true","","","","","Unmapped"
"ALM_E108","E108","40","Frame 01 Tray 02 Door 05","Open","E108 Frame 01 Tray 02 Door 05 Open","500","true","","","","","Unmapped"
"ALM_E109","E109","41","Frame 02 Door 01","Open","E109 Frame 02 Door 01 Open","500","true","","","","","Unmapped"
"ALM_E110","E110","42","Frame 02 Door 02","Open","E110 Frame 02 Door 02 Open","500","true","","","","","Unmapped"
"ALM_E111","E111","43","Frame 02 Door 03","Open","E111 Frame 02 Door 03 Open","500","true","","","","","Unmapped"
"ALM_E112","E112","44","Frame 02 Door 04","Open","E112 Frame 02 Door 04 Open","500","true","","","","","Unmapped"
"ALM_E113","E113","45","Frame 02 Door 05","Open","E113 Frame 02 Door 05 Open","500","true","","","","","Unmapped"
"ALM_E114","E114","46","Frame 02 Door 06","Open","E114 Frame 02 Door 06 Open","500","true","","","","","Unmapped"
"ALM_E115","E115","47","Frame 02 Bag Bin 01 Door 07","Open","E115 Frame 02 Bag Bin 01 Door 07 Open","500","true","","","","","Unmapped"
"ALM_E116","E116","48","Frame 02 Bag Bin 02 Door 08","Open","E116 Frame 02 Bag Bin 02 Door 08 Open","500","true","","","","","Unmapped"
"ALM_E117","E117","49","Tray Stacker Safety Cover","","E117 Tray Stacker Safety Cover","500","true","","","","","Unmapped"
"ALM_E118","E118","50","Bag Bin Safety Cover","","E118 Bag Bin Safety Cover","500","true","","","","","Unmapped"
"ALM_E119","E119","51","","","E119","500","true","","","","","Unmapped"
"ALM_E120","E120","52","","","E120","500","true","","","","","Unmapped"
"ALM_E201","E201","54","Tray Pusher Servo 01","MPCB Tripped","E201 Tray Pusher Servo 01 MPCB Tripped","500","true","FB_Servo01","Offline","[Offline]FB_Servo01","FB_Servo01.Alarm.E201","Mapped"
"ALM_E202","E202","55","Tray Pusher Servo 01","Drive Not Ready","E202 Tray Pusher Servo 01 Drive Not Ready","500","true","FB_Servo01","Offline","[Offline]FB_Servo01","FB_Servo01.Alarm.E202","Mapped"
"ALM_E203","E203","56","Tray Pusher Servo 01","Drive  Faulted","E203 Tray Pusher Servo 01 Drive  Faulted","500","true","FB_Servo01","Offline","[Offline]FB_Servo01","FB_Servo01.Alarm.E203","Mapped"
"ALM_E204","E204","57","Plate Pusher Servo 01","MPCB Tripped","E204 Plate Pusher Servo 01 MPCB Tripped","500","true","FB_Servo02","Offline","[Offline]FB_Servo02","FB_Servo02.Alarm.E204","Mapped"
"ALM_E205","E205","58","Plate Pusher Servo 01","Drive Not Ready","E205 Plate Pusher Servo 01 Drive Not Ready","500","true","FB_Servo02","Offline","[Offline]FB_Servo02","FB_Servo02.Alarm.E205","Mapped"
"ALM_E206","E206","59","Plate Pusher Servo 01","Drive  Faulted","E206 Plate Pusher Servo 01 Drive  Faulted","500","true","FB_Servo02","Offline","[Offline]FB_Servo02","FB_Servo02.Alarm.E206","Mapped"
"ALM_E207","E207","60","Plate Guide Servo 01","MPCB Tripped","E207 Plate Guide Servo 01 MPCB Tripped","500","true","FB_Servo03","Offline","[Offline]FB_Servo03","FB_Servo03.Alarm.E207","Mapped"
"ALM_E208","E208","61","Plate Guide Servo 01","Drive Not Ready","E208 Plate Guide Servo 01 Drive Not Ready","500","true","FB_Servo03","Offline","[Offline]FB_Servo03","FB_Servo03.Alarm.E208","Mapped"
"ALM_E209","E209","62","Plate Guide Servo 01","Drive  Faulted","E209 Plate Guide Servo 01 Drive  Faulted","500","true","FB_Servo03","Offline","[Offline]FB_Servo03","FB_Servo03.Alarm.E209","Mapped"
"ALM_E210","E210","63","Tray Pusher Servo 02","MPCB Tripped","E210 Tray Pusher Servo 02 MPCB Tripped","500","true","FB_Servo04","Offline","[Offline]FB_Servo04","FB_Servo04.Alarm.E210","Mapped"
"ALM_E211","E211","64","Tray Pusher Servo 02","Drive Not Ready","E211 Tray Pusher Servo 02 Drive Not Ready","500","true","FB_Servo04","Offline","[Offline]FB_Servo04","FB_Servo04.Alarm.E211","Mapped"
"ALM_E212","E212","65","Tray Pusher Servo 02","Drive  Faulted","E212 Tray Pusher Servo 02 Drive  Faulted","500","true","FB_Servo04","Offline","[Offline]FB_Servo04","FB_Servo04.Alarm.E212","Mapped"
"ALM_E213","E213","66","Plate Pusher Servo 02","MPCB Tripped","E213 Plate Pusher Servo 02 MPCB Tripped","500","true","FB_Servo05","Offline","[Offline]FB_Servo05","FB_Servo05.Alarm.E213","Mapped"
"ALM_E214","E214","67","Plate Pusher Servo 02","Drive Not Ready","E214 Plate Pusher Servo 02 Drive Not Ready","500","true","FB_Servo05","Offline","[Offline]FB_Servo05","FB_Servo05.Alarm.E214","Mapped"
"ALM_E215","E215","68","Plate Pusher Servo 02","Drive  Faulted","E215 Plate Pusher Servo 02 Drive  Faulted","500","true","FB_Servo05","Offline","[Offline]FB_Servo05","FB_Servo05.Alarm.E215","Mapped"
"ALM_E216","E216","69","Plate Guide Servo 02","MPCB Tripped","E216 Plate Guide Servo 02 MPCB Tripped","500","true","FB_Servo06","Offline","[Offline]FB_Servo06","FB_Servo06.Alarm.E216","Mapped"
"ALM_E217","E217","70","Plate Guide Servo 02","Drive Not Ready","E217 Plate Guide Servo 02 Drive Not Ready","500","true","FB_Servo06","Offline","[Offline]FB_Servo06","FB_Servo06.Alarm.E217","Mapped"
"ALM_E218","E218","71","Plate Guide Servo 02","Drive  Faulted","E218 Plate Guide Servo 02 Drive  Faulted","500","true","FB_Servo06","Offline","[Offline]FB_Servo06","FB_Servo06.Alarm.E218","Mapped"
"ALM_E219","E219","72","Printer Assembly Servo Slide","MPCB Tripped","E219 Printer Assembly Servo Slide MPCB Tripped","500","true","FB_Servo07","Offline","[Offline]FB_Servo07","FB_Servo07.Alarm.E219","Mapped"
"ALM_E220","E220","73","Printer Assembly Servo Slide","Drive Not Ready","E220 Printer Assembly Servo Slide Drive Not Ready","500","true","FB_Servo07","Offline","[Offline]FB_Servo07","FB_Servo07.Alarm.E220","Mapped"
"ALM_E221","E221","74","Printer Assembly Servo Slide","Drive  Faulted","E221 Printer Assembly Servo Slide Drive  Faulted","500","true","FB_Servo07","Offline","[Offline]FB_Servo07","FB_Servo07.Alarm.E221","Mapped"
"ALM_E222","E222","75","Tray Insertion Servo Slide","MPCB Tripped","E222 Tray Insertion Servo Slide MPCB Tripped","500","true","FB_Servo08","Offline","[Offline]FB_Servo08","FB_Servo08.Alarm.E222","Mapped"
"ALM_E223","E223","76","Tray Insertion Servo Slide","Drive Not Ready","E223 Tray Insertion Servo Slide Drive Not Ready","500","true","FB_Servo08","Offline","[Offline]FB_Servo08","FB_Servo08.Alarm.E223","Mapped"
"ALM_E224","E224","77","Tray Insertion Servo Slide","Drive  Faulted","E224 Tray Insertion Servo Slide Drive  Faulted","500","true","FB_Servo08","Offline","[Offline]FB_Servo08","FB_Servo08.Alarm.E224","Mapped"
"ALM_E225","E225","78","Tray Stacker Servo 01","MPCB Tripped","E225 Tray Stacker Servo 01 MPCB Tripped","500","true","FB_Servo09","Offline","[Offline]FB_Servo09","FB_Servo09.Alarm.E225","Mapped"
"ALM_E226","E226","79","Tray Stacker Servo 01","Drive Not Ready","E226 Tray Stacker Servo 01 Drive Not Ready","500","true","FB_Servo09","Offline","[Offline]FB_Servo09","FB_Servo09.Alarm.E226","Mapped"
"ALM_E227","E227","80","Tray Stacker Servo 01","Drive  Faulted","E227 Tray Stacker Servo 01 Drive  Faulted","500","true","FB_Servo09","Offline","[Offline]FB_Servo09","FB_Servo09.Alarm.E227","Mapped"
"ALM_E228","E228","81","Tray Stacker Servo 02","MPCB Tripped","E228 Tray Stacker Servo 02 MPCB Tripped","500","true","FB_Servo10","Offline","[Offline]FB_Servo10","FB_Servo10.Alarm.E228","Mapped"
"ALM_E229","E229","82","Tray Stacker Servo 02","Drive Not Ready","E229 Tray Stacker Servo 02 Drive Not Ready","500","true","FB_Servo10","Offline","[Offline]FB_Servo10","FB_Servo10.Alarm.E229","Mapped"
"ALM_E230","E230","83","Tray Stacker Servo 02","Drive  Faulted","E230 Tray Stacker Servo 02 Drive  Faulted","500","true","FB_Servo10","Offline","[Offline]FB_Servo10","FB_Servo10.Alarm.E230","Mapped"
"ALM_E231","E231","84","Plate Feeding Conveyor","MPCB Tripped","E231 Plate Feeding Conveyor MPCB Tripped","500","true","FB_Drive01","Offline","[Offline]FB_Drive01","FB_Drive01.Alarm.E231","Mapped"
"ALM_E232","E232","85","Plate Feeding Conveyor","Drive Not Ready","E232 Plate Feeding Conveyor Drive Not Ready","500","true","FB_Drive01","Offline","[Offline]FB_Drive01","FB_Drive01.Alarm.E232","Mapped"
"ALM_E233","E233","86","Plate Feeding Conveyor","Drive  Faulted","E233 Plate Feeding Conveyor Drive  Faulted","500","true","FB_Drive01","Offline","[Offline]FB_Drive01","FB_Drive01.Alarm.E233","Mapped"
"ALM_E234","E234","87","Tray Feeding Conveyor","MPCB Tripped","E234 Tray Feeding Conveyor MPCB Tripped","500","true","FB_Drive02","Offline","[Offline]FB_Drive02","FB_Drive02.Alarm.E234","Mapped"
"ALM_E235","E235","88","Tray Feeding Conveyor","Drive Not Ready","E235 Tray Feeding Conveyor Drive Not Ready","500","true","FB_Drive02","Offline","[Offline]FB_Drive02","FB_Drive02.Alarm.E235","Mapped"
"ALM_E236","E236","89","Tray Feeding Conveyor","Drive  Faulted","E236 Tray Feeding Conveyor Drive  Faulted","500","true","FB_Drive02","Offline","[Offline]FB_Drive02","FB_Drive02.Alarm.E236","Mapped"
"ALM_E237","E237","90","Sealing Conveyor","MPCB Tripped","E237 Sealing Conveyor MPCB Tripped","500","true","FB_Drive03","Offline","[Offline]FB_Drive03","FB_Drive03.Alarm.E237","Mapped"
"ALM_E238","E238","91","Sealing Conveyor","Drive Not Ready","E238 Sealing Conveyor Drive Not Ready","500","true","FB_Drive03","Offline","[Offline]FB_Drive03","FB_Drive03.Alarm.E238","Mapped"
"ALM_E239","E239","92","Sealing Conveyor","Drive  Faulted","E239 Sealing Conveyor Drive  Faulted","500","true","FB_Drive03","Offline","[Offline]FB_Drive03","FB_Drive03.Alarm.E239","Mapped"
"ALM_E240","E240","93","Bowl Feeder Bowl Motor 01","MPCB Tripped","E240 Bowl Feeder Bowl Motor 01 MPCB Tripped","500","true","","","","","Unmapped"
"ALM_E241","E241","94","Bowl Feeder Linear Motor 01","MPCB Tripped","E241 Bowl Feeder Linear Motor 01 MPCB Tripped","500","true","","","","","Unmapped"
"ALM_E242","E242","95","Bowl Feeder Bowl Motor 02","MPCB Tripped","E242 Bowl Feeder Bowl Motor 02 MPCB Tripped","500","true","","","","","Unmapped"
"ALM_E243","E243","96","Bowl Feeder Linear Motor 02","MPCB Tripped","E243 Bowl Feeder Linear Motor 02 MPCB Tripped","500","true","","","","","Unmapped"
"ALM_E244","E244","97","Vacuum Pump","MPCB Tripped","E244 Vacuum Pump MPCB Tripped","500","true","FB_DOL03","Offline","[Offline]FB_DOL03","FB_DOL03.Alarm.E244","Mapped"
"ALM_E245","E245","98","Bag Sealer Vacuum Pump","MPCB Tripped","E245 Bag Sealer Vacuum Pump MPCB Tripped","500","true","FB_DOL04","Offline","[Offline]FB_DOL04","FB_DOL04.Alarm.E245","Mapped"
"ALM_E246","E246","99","Plate Infeed Conveyor Diverter","Both Reedswitch Present","E246 Plate Infeed Conveyor Diverter Both Reedswitch Present","500","true","FB_PV01","Offline","[Offline]FB_PV01","FB_PV01.Alarm.E246","Mapped"
"ALM_E247","E247","100","Plate Infeed Conveyor Diverter","Both Reedswitch Absent","E247 Plate Infeed Conveyor Diverter Both Reedswitch Absent","500","true","FB_PV01","Offline","[Offline]FB_PV01","FB_PV01.Alarm.E247","Mapped"
"ALM_E248","E248","101","Plate Infeed Conveyor Diverter","Position 01 Reedswitch Absent","E248 Plate Infeed Conveyor Diverter Position 01 Reedswitch Absent","500","true","FB_PV01","Offline","[Offline]FB_PV01","FB_PV01.Alarm.E248","Mapped"
"ALM_E249","E249","102","Plate Infeed Conveyor Diverter","Position 02 Reedswitch Absent","E249 Plate Infeed Conveyor Diverter Position 02 Reedswitch Absent","500","true","FB_PV01","Offline","[Offline]FB_PV01","FB_PV01.Alarm.E249","Mapped"
"ALM_E250","E250","103","Linear Feeder 01 Exit Stopper","Both Reedswitch Present","E250 Linear Feeder 01 Exit Stopper Both Reedswitch Present","500","true","FB_PV02","Offline","[Offline]FB_PV02","FB_PV02.Alarm.E250","Mapped"
"ALM_E251","E251","104","Linear Feeder 01 Exit Stopper","Both Reedswitch Absent","E251 Linear Feeder 01 Exit Stopper Both Reedswitch Absent","500","true","FB_PV02","Offline","[Offline]FB_PV02","FB_PV02.Alarm.E251","Mapped"
"ALM_E252","E252","105","Linear Feeder 01 Exit Stopper","Open Reedswitch Absent","E252 Linear Feeder 01 Exit Stopper Open Reedswitch Absent","500","true","FB_PV02","Offline","[Offline]FB_PV02","FB_PV02.Alarm.E252","Mapped"
"ALM_E253","E253","106","Linear Feeder 01 Exit Stopper","Close Reedswitch Absent","E253 Linear Feeder 01 Exit Stopper Close Reedswitch Absent","500","true","FB_PV02","Offline","[Offline]FB_PV02","FB_PV02.Alarm.E253","Mapped"
"ALM_E254","E254","107","Linear Feeder 02 Exit Stopper","Both Reedswitch Present","E254 Linear Feeder 02 Exit Stopper Both Reedswitch Present","500","true","FB_PV03","Offline","[Offline]FB_PV03","FB_PV03.Alarm.E254","Mapped"
"ALM_E255","E255","108","Linear Feeder 02 Exit Stopper","Both Reedswitch Absent","E255 Linear Feeder 02 Exit Stopper Both Reedswitch Absent","500","true","FB_PV03","Offline","[Offline]FB_PV03","FB_PV03.Alarm.E255","Mapped"
"ALM_E256","E256","109","Linear Feeder 02 Exit Stopper","Open Reedswitch Absent","E256 Linear Feeder 02 Exit Stopper Open Reedswitch Absent","500","true","FB_PV03","Offline","[Offline]FB_PV03","FB_PV03.Alarm.E256","Mapped"
"ALM_E257","E257","110","Linear Feeder 02 Exit Stopper","Close Reedswitch Absent","E257 Linear Feeder 02 Exit Stopper Close Reedswitch Absent","500","true","FB_PV03","Offline","[Offline]FB_PV03","FB_PV03.Alarm.E257","Mapped"
"ALM_E258","E258","111","Plate Handling ROBOT 01 Gripper","Both Reedswitch Present","E258 Plate Handling ROBOT 01 Gripper Both Reedswitch Present","500","true","FB_PV04","Offline","[Offline]FB_PV04","FB_PV04.Alarm.E258","Mapped"
"ALM_E259","E259","112","Plate Handling ROBOT 01 Gripper","Both Reedswitch Absent","E259 Plate Handling ROBOT 01 Gripper Both Reedswitch Absent","500","true","FB_PV04","Offline","[Offline]FB_PV04","FB_PV04.Alarm.E259","Mapped"
"ALM_E260","E260","113","Plate Handling ROBOT 01 Gripper","Forward Reedswitch Absent","E260 Plate Handling ROBOT 01 Gripper Forward Reedswitch Absent","500","true","FB_PV04","Offline","[Offline]FB_PV04","FB_PV04.Alarm.E260","Mapped"
"ALM_E261","E261","114","Plate Handling ROBOT 01 Gripper","Reverse Reedswitch Absent","E261 Plate Handling ROBOT 01 Gripper Reverse Reedswitch Absent","500","true","FB_PV04","Offline","[Offline]FB_PV04","FB_PV04.Alarm.E261","Mapped"
"ALM_E262","E262","115","Tray 01 Side Guide","Both Reedswitch Present","E262 Tray 01 Side Guide Both Reedswitch Present","500","true","FB_PV05","Offline","[Offline]FB_PV05","FB_PV05.Alarm.E262","Mapped"
"ALM_E263","E263","116","Tray 01 Side Guide","Both Reedswitch Absent","E263 Tray 01 Side Guide Both Reedswitch Absent","500","true","FB_PV05","Offline","[Offline]FB_PV05","FB_PV05.Alarm.E263","Mapped"
"ALM_E264","E264","117","Tray 01 Side Guide","Forward Reedswitch Absent","E264 Tray 01 Side Guide Forward Reedswitch Absent","500","true","FB_PV05","Offline","[Offline]FB_PV05","FB_PV05.Alarm.E264","Mapped"
"ALM_E265","E265","118","Tray 01 Side Guide","Reverse Reedswitch Absent","E265 Tray 01 Side Guide Reverse Reedswitch Absent","500","true","FB_PV05","Offline","[Offline]FB_PV05","FB_PV05.Alarm.E265","Mapped"
"ALM_E266","E266","119","Tray 01 Front Guide","Both Reedswitch Present","E266 Tray 01 Front Guide Both Reedswitch Present","500","true","FB_PV06","Offline","[Offline]FB_PV06","FB_PV06.Alarm.E266","Mapped"
"ALM_E267","E267","120","Tray 01 Front Guide","Both Reedswitch Absent","E267 Tray 01 Front Guide Both Reedswitch Absent","500","true","FB_PV06","Offline","[Offline]FB_PV06","FB_PV06.Alarm.E267","Mapped"
"ALM_E268","E268","121","Tray 01 Front Guide","Up Reedswitch Absent","E268 Tray 01 Front Guide Up Reedswitch Absent","500","true","FB_PV06","Offline","[Offline]FB_PV06","FB_PV06.Alarm.E268","Mapped"
"ALM_E269","E269","122","Tray 01 Front Guide","Down Reedswitch Absent","E269 Tray 01 Front Guide Down Reedswitch Absent","500","true","FB_PV06","Offline","[Offline]FB_PV06","FB_PV06.Alarm.E269","Mapped"
"ALM_E270","E270","123","Tray 01 Stopper 01","Both Reedswitch Present","E270 Tray 01 Stopper 01 Both Reedswitch Present","500","true","","","","","Unmapped"
"ALM_E271","E271","124","Tray 01 Stopper 01","Both Reedswitch Absent","E271 Tray 01 Stopper 01 Both Reedswitch Absent","500","true","","","","","Unmapped"
"ALM_E272","E272","125","Tray 01 Stopper 01","Up Reedswitch Absent","E272 Tray 01 Stopper 01 Up Reedswitch Absent","500","true","","","","","Unmapped"
"ALM_E273","E273","126","Tray 01 Stopper 01","Down Reedswitch Absent","E273 Tray 01 Stopper 01 Down Reedswitch Absent","500","true","","","","","Unmapped"
"ALM_E274","E274","127","Tray 01 Stopper 02","Both Reedswitch Present","E274 Tray 01 Stopper 02 Both Reedswitch Present","500","true","","","","","Unmapped"
"ALM_E275","E275","128","Tray 01 Stopper 02","Both Reedswitch Absent","E275 Tray 01 Stopper 02 Both Reedswitch Absent","500","true","","","","","Unmapped"
"ALM_E276","E276","129","Tray 01 Stopper 02","Up Reedswitch Absent","E276 Tray 01 Stopper 02 Up Reedswitch Absent","500","true","","","","","Unmapped"
"ALM_E277","E277","130","Tray 01 Stopper 02","Down Reedswitch Absent","E277 Tray 01 Stopper 02 Down Reedswitch Absent","500","true","","","","","Unmapped"
"ALM_E278","E278","131","Tray 01 Pusher UP FB","Both Reedswitch Present","E278 Tray 01 Pusher UP FB Both Reedswitch Present","500","true","FB_PV08","Offline","[Offline]FB_PV08","FB_PV08.Alarm.E278","Mapped"
"ALM_E279","E279","132","Tray 01 Pusher UP FB","Both Reedswitch Absent","E279 Tray 01 Pusher UP FB Both Reedswitch Absent","500","true","FB_PV08","Offline","[Offline]FB_PV08","FB_PV08.Alarm.E279","Mapped"
"ALM_E280","E280","133","Tray 01 Pusher UP FB","Open Reedswitch Absent","E280 Tray 01 Pusher UP FB Open Reedswitch Absent","500","true","FB_PV08","Offline","[Offline]FB_PV08","FB_PV08.Alarm.E280","Mapped"
"ALM_E281","E281","134","Tray 01 Pusher UP FB","Close Reedswitch Absent","E281 Tray 01 Pusher UP FB Close Reedswitch Absent","500","true","FB_PV08","Offline","[Offline]FB_PV08","FB_PV08.Alarm.E281","Mapped"
"ALM_E282","E282","135","Plate Handling ROBOT 02 Gripper","Both Reedswitch Present","E282 Plate Handling ROBOT 02 Gripper Both Reedswitch Present","500","true","FB_PV09","Offline","[Offline]FB_PV09","FB_PV09.Alarm.E282","Mapped"
"ALM_E283","E283","136","Plate Handling ROBOT 02 Gripper","Both Reedswitch Absent","E283 Plate Handling ROBOT 02 Gripper Both Reedswitch Absent","500","true","FB_PV09","Offline","[Offline]FB_PV09","FB_PV09.Alarm.E283","Mapped"
"ALM_E284","E284","137","Plate Handling ROBOT 02 Gripper","Open Reedswitch Absent","E284 Plate Handling ROBOT 02 Gripper Open Reedswitch Absent","500","true","FB_PV09","Offline","[Offline]FB_PV09","FB_PV09.Alarm.E284","Mapped"
"ALM_E285","E285","138","Plate Handling ROBOT 02 Gripper","Close Reedswitch Absent","E285 Plate Handling ROBOT 02 Gripper Close Reedswitch Absent","500","true","FB_PV09","Offline","[Offline]FB_PV09","FB_PV09.Alarm.E285","Mapped"
"ALM_E286","E286","139","Tray 02 Side Guide","Both Reedswitch Present","E286 Tray 02 Side Guide Both Reedswitch Present","500","true","FB_PV10","Offline","[Offline]FB_PV10","FB_PV10.Alarm.E286","Mapped"
"ALM_E287","E287","140","Tray 02 Side Guide","Both Reedswitch Absent","E287 Tray 02 Side Guide Both Reedswitch Absent","500","true","FB_PV10","Offline","[Offline]FB_PV10","FB_PV10.Alarm.E287","Mapped"
"ALM_E288","E288","141","Tray 02 Side Guide","Forward Reedswitch Absent","E288 Tray 02 Side Guide Forward Reedswitch Absent","500","true","FB_PV10","Offline","[Offline]FB_PV10","FB_PV10.Alarm.E288","Mapped"
"ALM_E289","E289","142","Tray 02 Side Guide","Reverse Reedswitch Absent","E289 Tray 02 Side Guide Reverse Reedswitch Absent","500","true","FB_PV10","Offline","[Offline]FB_PV10","FB_PV10.Alarm.E289","Mapped"
"ALM_E290","E290","143","Tray 02 Front Guide","Both Reedswitch Present","E290 Tray 02 Front Guide Both Reedswitch Present","500","true","FB_PV11","Offline","[Offline]FB_PV11","FB_PV11.Alarm.E290","Mapped"
"ALM_E291","E291","144","Tray 02 Front Guide","Both Reedswitch Absent","E291 Tray 02 Front Guide Both Reedswitch Absent","500","true","FB_PV11","Offline","[Offline]FB_PV11","FB_PV11.Alarm.E291","Mapped"
"ALM_E292","E292","145","Tray 02 Front Guide","Forward Reedswitch Absent","E292 Tray 02 Front Guide Forward Reedswitch Absent","500","true","FB_PV11","Offline","[Offline]FB_PV11","FB_PV11.Alarm.E292","Mapped"
"ALM_E293","E293","146","Tray 02 Front Guide","Reverse Reedswitch Absent","E293 Tray 02 Front Guide Reverse Reedswitch Absent","500","true","FB_PV11","Offline","[Offline]FB_PV11","FB_PV11.Alarm.E293","Mapped"
"ALM_E294","E294","147","Tray 02 Stopper 01","Both Reedswitch Present","E294 Tray 02 Stopper 01 Both Reedswitch Present","500","true","","","","","Unmapped"
"ALM_E295","E295","148","Tray 02 Stopper 01","Both Reedswitch Absent","E295 Tray 02 Stopper 01 Both Reedswitch Absent","500","true","","","","","Unmapped"
"ALM_E296","E296","149","Tray 02 Stopper 01","Up Reedswitch Absent","E296 Tray 02 Stopper 01 Up Reedswitch Absent","500","true","","","","","Unmapped"
"ALM_E297","E297","150","Tray 02 Stopper 01","Down Reedswitch Absent","E297 Tray 02 Stopper 01 Down Reedswitch Absent","500","true","","","","","Unmapped"
"ALM_E298","E298","151","Tray 02 Stopper 02","Both Reedswitch Present","E298 Tray 02 Stopper 02 Both Reedswitch Present","500","true","","","","","Unmapped"
"ALM_E299","E299","152","Tray 02 Stopper 02","Both Reedswitch Absent","E299 Tray 02 Stopper 02 Both Reedswitch Absent","500","true","","","","","Unmapped"
"ALM_E300","E300","153","Tray 02 Stopper 02","Up Reedswitch Absent","E300 Tray 02 Stopper 02 Up Reedswitch Absent","500","true","","","","","Unmapped"
"ALM_E301","E301","154","Tray 02 Stopper 02","Down Reedswitch Absent","E301 Tray 02 Stopper 02 Down Reedswitch Absent","500","true","","","","","Unmapped"
"ALM_E302","E302","155","Tray 02 Pusher UP FB","Both Reedswitch Present","E302 Tray 02 Pusher UP FB Both Reedswitch Present","500","true","FB_PV13","Offline","[Offline]FB_PV13","FB_PV13.Alarm.E302","Mapped"
"ALM_E303","E303","156","Tray 02 Pusher UP FB","Both Reedswitch Absent","E303 Tray 02 Pusher UP FB Both Reedswitch Absent","500","true","FB_PV13","Offline","[Offline]FB_PV13","FB_PV13.Alarm.E303","Mapped"
"ALM_E304","E304","157","Tray 02 Pusher UP FB","Up Reedswitch Absent","E304 Tray 02 Pusher UP FB Up Reedswitch Absent","500","true","FB_PV13","Offline","[Offline]FB_PV13","FB_PV13.Alarm.E304","Mapped"
"ALM_E305","E305","158","Tray 02 Pusher UP FB","Down Reedswitch Absent","E305 Tray 02 Pusher UP FB Down Reedswitch Absent","500","true","FB_PV13","Offline","[Offline]FB_PV13","FB_PV13.Alarm.E305","Mapped"
"ALM_E306","E306","159","Tray Insertion Servo Slide Pusher","Both Reedswitch Present","E306 Tray Insertion Servo Slide Pusher Both Reedswitch Present","500","true","FB_PV14","Offline","[Offline]FB_PV14","FB_PV14.Alarm.E306","Mapped"
"ALM_E307","E307","160","Tray Insertion Servo Slide Pusher","Both Reedswitch Absent","E307 Tray Insertion Servo Slide Pusher Both Reedswitch Absent","500","true","FB_PV14","Offline","[Offline]FB_PV14","FB_PV14.Alarm.E307","Mapped"
"ALM_E308","E308","161","Tray Insertion Servo Slide Pusher","Up Reedswitch Absent","E308 Tray Insertion Servo Slide Pusher Up Reedswitch Absent","500","true","FB_PV14","Offline","[Offline]FB_PV14","FB_PV14.Alarm.E308","Mapped"
"ALM_E309","E309","162","Tray Insertion Servo Slide Pusher","Down Reedswitch Absent","E309 Tray Insertion Servo Slide Pusher Down Reedswitch Absent","500","true","FB_PV14","Offline","[Offline]FB_PV14","FB_PV14.Alarm.E309","Mapped"
"ALM_E310","E310","163","Tray Insertion Servo Tray Stopper","Both Reedswitch Present","E310 Tray Insertion Servo Tray Stopper Both Reedswitch Present","500","true","FB_PV15","Offline","[Offline]FB_PV15","FB_PV15.Alarm.E310","Mapped"
"ALM_E311","E311","164","Tray Insertion Servo Tray Stopper","Both Reedswitch Absent","E311 Tray Insertion Servo Tray Stopper Both Reedswitch Absent","500","true","FB_PV15","Offline","[Offline]FB_PV15","FB_PV15.Alarm.E311","Mapped"
"ALM_E312","E312","165","Tray Insertion Servo Tray Stopper","Up Reedswitch Absent","E312 Tray Insertion Servo Tray Stopper Up Reedswitch Absent","500","true","FB_PV15","Offline","[Offline]FB_PV15","FB_PV15.Alarm.E312","Mapped"
"ALM_E313","E313","166","Tray Insertion Servo Tray Stopper","Down Reedswitch Absent","E313 Tray Insertion Servo Tray Stopper Down Reedswitch Absent","500","true","FB_PV15","Offline","[Offline]FB_PV15","FB_PV15.Alarm.E313","Mapped"
"ALM_E314","E314","167","Bag Opening Swing Arm 1","Both Reedswitch Present","E314 Bag Opening Swing Arm 1 Both Reedswitch Present","500","true","","","","","Unmapped"
"ALM_E315","E315","168","Bag Opening Swing Arm 1","Both Reedswitch Absent","E315 Bag Opening Swing Arm 1 Both Reedswitch Absent","500","true","","","","","Unmapped"
"ALM_E316","E316","169","Bag Opening Swing Arm 1","In Reedswitch Absent","E316 Bag Opening Swing Arm 1 In Reedswitch Absent","500","true","","","","","Unmapped"
"ALM_E317","E317","170","Bag Opening Swing Arm 1","Out Reedswitch Absent","E317 Bag Opening Swing Arm 1 Out Reedswitch Absent","500","true","","","","","Unmapped"
"ALM_E318","E318","171","Bag Opening Swing Arm 2","Both Reedswitch Present","E318 Bag Opening Swing Arm 2 Both Reedswitch Present","500","true","","","","","Unmapped"
"ALM_E319","E319","172","Bag Opening Swing Arm 2","Both Reedswitch Absent","E319 Bag Opening Swing Arm 2 Both Reedswitch Absent","500","true","","","","","Unmapped"
"ALM_E320","E320","173","Bag Opening Swing Arm 2","In Reedswitch Absent","E320 Bag Opening Swing Arm 2 In Reedswitch Absent","500","true","","","","","Unmapped"
"ALM_E321","E321","174","Bag Opening Swing Arm 2","Out Reedswitch Absent","E321 Bag Opening Swing Arm 2 Out Reedswitch Absent","500","true","","","","","Unmapped"
"ALM_E322","E322","175","Bag Opening Swing Arm Stretch","Both Reedswitch Present","E322 Bag Opening Swing Arm Stretch Both Reedswitch Present","500","true","FB_PV17","Offline","[Offline]FB_PV17","FB_PV17.Alarm.E322","Mapped"
"ALM_E323","E323","176","Bag Opening Swing Arm Stretch","Both Reedswitch Absent","E323 Bag Opening Swing Arm Stretch Both Reedswitch Absent","500","true","FB_PV17","Offline","[Offline]FB_PV17","FB_PV17.Alarm.E323","Mapped"
"ALM_E324","E324","177","Bag Opening Swing Arm Stretch","In Reedswitch Absent","E324 Bag Opening Swing Arm Stretch In Reedswitch Absent","500","true","FB_PV17","Offline","[Offline]FB_PV17","FB_PV17.Alarm.E324","Mapped"
"ALM_E325","E325","178","Bag Opening Swing Arm Stretch","Out Reedswitch Absent","E325 Bag Opening Swing Arm Stretch Out Reedswitch Absent","500","true","FB_PV17","Offline","[Offline]FB_PV17","FB_PV17.Alarm.E325","Mapped"
"ALM_E326","E326","179","Bag Opening Vacuum Cup Lifter","Both Reedswitch Present","E326 Bag Opening Vacuum Cup Lifter Both Reedswitch Present","500","true","FB_PV18","Offline","[Offline]FB_PV18","FB_PV18.Alarm.E326","Mapped"
"ALM_E327","E327","180","Bag Opening Vacuum Cup Lifter","Both Reedswitch Absent","E327 Bag Opening Vacuum Cup Lifter Both Reedswitch Absent","500","true","FB_PV18","Offline","[Offline]FB_PV18","FB_PV18.Alarm.E327","Mapped"
"ALM_E328","E328","181","Bag Opening Vacuum Cup Lifter","Up Reedswitch Absent","E328 Bag Opening Vacuum Cup Lifter Up Reedswitch Absent","500","true","FB_PV18","Offline","[Offline]FB_PV18","FB_PV18.Alarm.E328","Mapped"
"ALM_E329","E329","182","Bag Opening Vacuum Cup Lifter","Down Reedswitch Absent","E329 Bag Opening Vacuum Cup Lifter Down Reedswitch Absent","500","true","FB_PV18","Offline","[Offline]FB_PV18","FB_PV18.Alarm.E329","Mapped"
"ALM_E330","E330","183","Tray Stacker Safety Cover Slide","Both Reedswitch Present","E330 Tray Stacker Safety Cover Slide Both Reedswitch Present","500","true","FB_PV19","Offline","[Offline]FB_PV19","FB_PV19.Alarm.E330","Mapped"
"ALM_E331","E331","184","Tray Stacker Safety Cover Slide","Both Reedswitch Absent","E331 Tray Stacker Safety Cover Slide Both Reedswitch Absent","500","true","FB_PV19","Offline","[Offline]FB_PV19","FB_PV19.Alarm.E331","Mapped"
"ALM_E332","E332","185","Tray Stacker Safety Cover Slide","Position 01 Reedswitch Absent","E332 Tray Stacker Safety Cover Slide Position 01 Reedswitch Absent","500","true","FB_PV19","Offline","[Offline]FB_PV19","FB_PV19.Alarm.E332","Mapped"
"ALM_E333","E333","186","Tray Stacker Safety Cover Slide","Position 02 Reedswitch Absent","E333 Tray Stacker Safety Cover Slide Position 02 Reedswitch Absent","500","true","FB_PV19","Offline","[Offline]FB_PV19","FB_PV19.Alarm.E333","Mapped"
"ALM_E334","E334","187","Tray Stacker 01 Tray Centering","Both Reedswitch Present","E334 Tray Stacker 01 Tray Centering Both Reedswitch Present","500","true","FB_PV20","Offline","[Offline]FB_PV20","FB_PV20.Alarm.E334","Mapped"
"ALM_E335","E335","188","Tray Stacker 01 Tray Centering","Both Reedswitch Absent","E335 Tray Stacker 01 Tray Centering Both Reedswitch Absent","500","true","FB_PV20","Offline","[Offline]FB_PV20","FB_PV20.Alarm.E335","Mapped"
"ALM_E336","E336","189","Tray Stacker 01 Tray Centering","In Reedswitch Absent","E336 Tray Stacker 01 Tray Centering In Reedswitch Absent","500","true","FB_PV20","Offline","[Offline]FB_PV20","FB_PV20.Alarm.E336","Mapped"
"ALM_E337","E337","190","Tray Stacker 01 Tray Centering","Out Reedswitch Absent","E337 Tray Stacker 01 Tray Centering Out Reedswitch Absent","500","true","FB_PV20","Offline","[Offline]FB_PV20","FB_PV20.Alarm.E337","Mapped"
"ALM_E338","E338","191","Tray Stacker 01 Tray Referencing","Both Reedswitch Present","E338 Tray Stacker 01 Tray Referencing Both Reedswitch Present","500","true","FB_PV21","Offline","[Offline]FB_PV21","FB_PV21.Alarm.E338","Mapped"
"ALM_E339","E339","192","Tray Stacker 01 Tray Referencing","Both Reedswitch Absent","E339 Tray Stacker 01 Tray Referencing Both Reedswitch Absent","500","true","FB_PV21","Offline","[Offline]FB_PV21","FB_PV21.Alarm.E339","Mapped"
"ALM_E340","E340","193","Tray Stacker 01 Tray Referencing","Forward Reedswitch Absent","E340 Tray Stacker 01 Tray Referencing Forward Reedswitch Absent","500","true","FB_PV21","Offline","[Offline]FB_PV21","FB_PV21.Alarm.E340","Mapped"
"ALM_E341","E341","194","Tray Stacker 01 Tray Referencing","Reverse Reedswitch Absent","E341 Tray Stacker 01 Tray Referencing Reverse Reedswitch Absent","500","true","FB_PV21","Offline","[Offline]FB_PV21","FB_PV21.Alarm.E341","Mapped"
"ALM_E342","E342","195","Tray Stacker 02 Tray Centering","Both Reedswitch Present","E342 Tray Stacker 02 Tray Centering Both Reedswitch Present","500","true","FB_PV22","Offline","[Offline]FB_PV22","FB_PV22.Alarm.E342","Mapped"
"ALM_E343","E343","196","Tray Stacker 02 Tray Centering","Both Reedswitch Absent","E343 Tray Stacker 02 Tray Centering Both Reedswitch Absent","500","true","FB_PV22","Offline","[Offline]FB_PV22","FB_PV22.Alarm.E343","Mapped"
"ALM_E344","E344","197","Tray Stacker 02 Tray Centering","In Reedswitch Absent","E344 Tray Stacker 02 Tray Centering In Reedswitch Absent","500","true","FB_PV22","Offline","[Offline]FB_PV22","FB_PV22.Alarm.E344","Mapped"
"ALM_E345","E345","198","Tray Stacker 02 Tray Centering","Out Reedswitch Absent","E345 Tray Stacker 02 Tray Centering Out Reedswitch Absent","500","true","FB_PV22","Offline","[Offline]FB_PV22","FB_PV22.Alarm.E345","Mapped"
"ALM_E346","E346","199","Tray Stacker 02 Tray Referencing","Both Reedswitch Present","E346 Tray Stacker 02 Tray Referencing Both Reedswitch Present","500","true","FB_PV23","Offline","[Offline]FB_PV23","FB_PV23.Alarm.E346","Mapped"
"ALM_E347","E347","200","Tray Stacker 02 Tray Referencing","Both Reedswitch Absent","E347 Tray Stacker 02 Tray Referencing Both Reedswitch Absent","500","true","FB_PV23","Offline","[Offline]FB_PV23","FB_PV23.Alarm.E347","Mapped"
"ALM_E348","E348","201","Tray Stacker 02 Tray Referencing","Forward Reedswitch Absent","E348 Tray Stacker 02 Tray Referencing Forward Reedswitch Absent","500","true","FB_PV23","Offline","[Offline]FB_PV23","FB_PV23.Alarm.E348","Mapped"
"ALM_E349","E349","202","Tray Stacker 02 Tray Referencing","Reverse Reedswitch Absent","E349 Tray Stacker 02 Tray Referencing Reverse Reedswitch Absent","500","true","FB_PV23","Offline","[Offline]FB_PV23","FB_PV23.Alarm.E349","Mapped"
"ALM_E350","E350","203","Tray Transfer ROBOT Tray Lifter","Both Reedswitch Present","E350 Tray Transfer ROBOT Tray Lifter Both Reedswitch Present","500","true","FB_PV24","Offline","[Offline]FB_PV24","FB_PV24.Alarm.E350","Mapped"
"ALM_E351","E351","204","Tray Transfer ROBOT Tray Lifter","Both Reedswitch Absent","E351 Tray Transfer ROBOT Tray Lifter Both Reedswitch Absent","500","true","FB_PV24","Offline","[Offline]FB_PV24","FB_PV24.Alarm.E351","Mapped"
"ALM_E352","E352","205","Tray Transfer ROBOT Tray Lifter","Up Reedswitch Absent","E352 Tray Transfer ROBOT Tray Lifter Up Reedswitch Absent","500","true","FB_PV24","Offline","[Offline]FB_PV24","FB_PV24.Alarm.E352","Mapped"
"ALM_E353","E353","206","Tray Transfer ROBOT Tray Lifter","Down Reedswitch Absent","E353 Tray Transfer ROBOT Tray Lifter Down Reedswitch Absent","500","true","FB_PV24","Offline","[Offline]FB_PV24","FB_PV24.Alarm.E353","Mapped"
"ALM_E354","E354","207","Tray Transfer ROBOT Tray Vacuum Cup","Sapre","E354 Tray Transfer ROBOT Tray Vacuum Cup Sapre","500","true","FB_PV25","Offline","[Offline]FB_PV25","FB_PV25.Alarm.E354","Mapped"
"ALM_E355","E355","208","Tray Transfer ROBOT Tray Vacuum Cup","Sapre","E355 Tray Transfer ROBOT Tray Vacuum Cup Sapre","500","true","FB_PV25","Offline","[Offline]FB_PV25","FB_PV25.Alarm.E355","Mapped"
"ALM_E356","E356","209","Tray Transfer ROBOT Tray Vacuum Cup","Vacuum On Feedback Absent","E356 Tray Transfer ROBOT Tray Vacuum Cup Vacuum On Feedback Absent","500","true","FB_PV25","Offline","[Offline]FB_PV25","FB_PV25.Alarm.E356","Mapped"
"ALM_E357","E357","210","Tray Transfer ROBOT Tray Vacuum Cup","Vacuum Off Feedback Absent","E357 Tray Transfer ROBOT Tray Vacuum Cup Vacuum Off Feedback Absent","500","true","FB_PV25","Offline","[Offline]FB_PV25","FB_PV25.Alarm.E357","Mapped"
"ALM_E358","E358","211","Bag Transfer Robot Vacuum Cup","Sapre","E358 Bag Transfer Robot Vacuum Cup Sapre","500","true","FB_PV26","Offline","[Offline]FB_PV26","FB_PV26.Alarm.E358","Mapped"
"ALM_E359","E359","212","Bag Transfer Robot Vacuum Cup","Sapre","E359 Bag Transfer Robot Vacuum Cup Sapre","500","true","FB_PV26","Offline","[Offline]FB_PV26","FB_PV26.Alarm.E359","Mapped"
"ALM_E360","E360","213","Bag Transfer Robot Vacuum Cup","Vacuum On Feedback Absent","E360 Bag Transfer Robot Vacuum Cup Vacuum On Feedback Absent","500","true","FB_PV26","Offline","[Offline]FB_PV26","FB_PV26.Alarm.E360","Mapped"
"ALM_E361","E361","214","Bag Transfer Robot Vacuum Cup","Vacuum Off Feedback Absent","E361 Bag Transfer Robot Vacuum Cup Vacuum Off Feedback Absent","500","true","FB_PV26","Offline","[Offline]FB_PV26","FB_PV26.Alarm.E361","Mapped"
"ALM_E362","E362","215","Sealing Unit Heating Jaw","Both Reedswitch Present","E362 Sealing Unit Heating Jaw Both Reedswitch Present","500","true","FB_PV27","Offline","[Offline]FB_PV27","FB_PV27.Alarm.E362","Mapped"
"ALM_E363","E363","216","Sealing Unit Heating Jaw","Both Reedswitch Absent","E363 Sealing Unit Heating Jaw Both Reedswitch Absent","500","true","FB_PV27","Offline","[Offline]FB_PV27","FB_PV27.Alarm.E363","Mapped"
"ALM_E364","E364","217","Sealing Unit Heating Jaw","Up Reedswitch Absent","E364 Sealing Unit Heating Jaw Up Reedswitch Absent","500","true","FB_PV27","Offline","[Offline]FB_PV27","FB_PV27.Alarm.E364","Mapped"
"ALM_E365","E365","218","Sealing Unit Heating Jaw","Down Reedswitch Absent","E365 Sealing Unit Heating Jaw Down Reedswitch Absent","500","true","FB_PV27","Offline","[Offline]FB_PV27","FB_PV27.Alarm.E365","Mapped"
"ALM_E366","E366","219","Sealing Unit Vacuum Jaw","Both Reedswitch Present","E366 Sealing Unit Vacuum Jaw Both Reedswitch Present","500","true","FB_PV28","Offline","[Offline]FB_PV28","FB_PV28.Alarm.E366","Mapped"
"ALM_E367","E367","220","Sealing Unit Vacuum Jaw","Both Reedswitch Absent","E367 Sealing Unit Vacuum Jaw Both Reedswitch Absent","500","true","FB_PV28","Offline","[Offline]FB_PV28","FB_PV28.Alarm.E367","Mapped"
"ALM_E368","E368","221","Sealing Unit Vacuum Jaw","Forward Reedswitch Absent","E368 Sealing Unit Vacuum Jaw Forward Reedswitch Absent","500","true","FB_PV28","Offline","[Offline]FB_PV28","FB_PV28.Alarm.E368","Mapped"
"ALM_E369","E369","222","Sealing Unit Vacuum Jaw","Reverse Reedswitch Absent","E369 Sealing Unit Vacuum Jaw Reverse Reedswitch Absent","500","true","FB_PV28","Offline","[Offline]FB_PV28","FB_PV28.Alarm.E369","Mapped"
"ALM_E370","E370","223","Sealing Unit Bag Opening Cylinder","Both Reedswitch Present","E370 Sealing Unit Bag Opening Cylinder Both Reedswitch Present","500","true","FB_PV29","Offline","[Offline]FB_PV29","FB_PV29.Alarm.E370","Mapped"
"ALM_E371","E371","224","Sealing Unit Bag Opening Cylinder","Both Reedswitch Absent","E371 Sealing Unit Bag Opening Cylinder Both Reedswitch Absent","500","true","FB_PV29","Offline","[Offline]FB_PV29","FB_PV29.Alarm.E371","Mapped"
"ALM_E372","E372","225","Sealing Unit Bag Opening Cylinder","Up Reedswitch Absent","E372 Sealing Unit Bag Opening Cylinder Up Reedswitch Absent","500","true","FB_PV29","Offline","[Offline]FB_PV29","FB_PV29.Alarm.E372","Mapped"
"ALM_E373","E373","226","Sealing Unit Bag Opening Cylinder","Down Reedswitch Absent","E373 Sealing Unit Bag Opening Cylinder Down Reedswitch Absent","500","true","FB_PV29","Offline","[Offline]FB_PV29","FB_PV29.Alarm.E373","Mapped"
"ALM_E374","E374","227","Tray Feeding Conveyor Buffer Stopper","Both Reedswitch Present","E374 Tray Feeding Conveyor Buffer Stopper Both Reedswitch Present","500","true","FB_PV30","Offline","[Offline]FB_PV30","FB_PV30.Alarm.E374","Mapped"
"ALM_E375","E375","228","Tray Feeding Conveyor Buffer Stopper","Both Reedswitch Absent","E375 Tray Feeding Conveyor Buffer Stopper Both Reedswitch Absent","500","true","FB_PV30","Offline","[Offline]FB_PV30","FB_PV30.Alarm.E375","Mapped"
"ALM_E376","E376","229","Tray Feeding Conveyor Buffer Stopper","Up Reedswitch Absent","E376 Tray Feeding Conveyor Buffer Stopper Up Reedswitch Absent","500","true","FB_PV30","Offline","[Offline]FB_PV30","FB_PV30.Alarm.E376","Mapped"
"ALM_E377","E377","230","Tray Feeding Conveyor Buffer Stopper","Down Reedswitch Absent","E377 Tray Feeding Conveyor Buffer Stopper Down Reedswitch Absent","500","true","FB_PV30","Offline","[Offline]FB_PV30","FB_PV30.Alarm.E377","Mapped"
"ALM_E378","E378","231","Bag Opening Bottom Vacuum Cup","Vacuum On Feedback Absent","E378 Bag Opening Bottom Vacuum Cup Vacuum On Feedback Absent","500","true","FB_PV31","Offline","[Offline]FB_PV31","FB_PV31.Alarm.E378","Mapped"
"ALM_E379","E379","232","Bag Opening Bottom Vacuum Cup","Vacuum Off Feedback Absent","E379 Bag Opening Bottom Vacuum Cup Vacuum Off Feedback Absent","500","true","FB_PV31","Offline","[Offline]FB_PV31","FB_PV31.Alarm.E379","Mapped"
"ALM_E380","E380","233","","","E380","500","true","","","","","Unmapped"
"ALM_E381","E381","234","","","E381","500","true","","","","","Unmapped"
"ALM_E382","E382","235","","","E382","500","true","","","","","Unmapped"
"ALM_E383","E383","236","","","E383","500","true","","","","","Unmapped"
"ALM_E384","E384","237","","","E384","500","true","","","","","Unmapped"
"ALM_E385","E385","238","","","E385","500","true","","","","","Unmapped"
"ALM_E386","E386","239","","","E386","500","true","","","","","Unmapped"
"ALM_E387","E387","240","","","E387","500","true","","","","","Unmapped"
"ALM_E388","E388","241","","","E388","500","true","","","","","Unmapped"
"ALM_E389","E389","242","","","E389","500","true","","","","","Unmapped"
"ALM_E390","E390","243","","","E390","500","true","","","","","Unmapped"
"ALM_E391","E391","244","","","E391","500","true","","","","","Unmapped"
"ALM_E392","E392","245","","","E392","500","true","","","","","Unmapped"
"ALM_E393","E393","246","","","E393","500","true","","","","","Unmapped"
"ALM_E394","E394","247","","","E394","500","true","","","","","Unmapped"
"ALM_E395","E395","248","","","E395","500","true","","","","","Unmapped"
"ALM_E396","E396","249","","","E396","500","true","","","","","Unmapped"
"ALM_E397","E397","250","","","E397","500","true","","","","","Unmapped"
"ALM_E398","E398","251","","","E398","500","true","","","","","Unmapped"
"ALM_E399","E399","252","","","E399","500","true","","","","","Unmapped"
"ALM_E400","E400","253","","","E400","500","true","","","","","Unmapped"
"ALM_E401","E401","254","","","E401","500","true","","","","","Unmapped"
"ALM_E402","E402","255","","","E402","500","true","","","","","Unmapped"
"ALM_E403","E403","256","","","E403","500","true","","","","","Unmapped"
"ALM_E404","E404","257","","","E404","500","true","","","","","Unmapped"
"ALM_E405","E405","258","","","E405","500","true","","","","","Unmapped"
"ALM_E406","E406","259","","","E406","500","true","","","","","Unmapped"
"ALM_E407","E407","260","","","E407","500","true","","","","","Unmapped"
"ALM_E408","E408","261","","","E408","500","true","","","","","Unmapped"
"ALM_E409","E409","262","","","E409","500","true","","","","","Unmapped"
"ALM_E410","E410","263","","","E410","500","true","","","","","Unmapped"
"ALM_E411","E411","264","","","E411","500","true","","","","","Unmapped"
"ALM_E412","E412","265","","","E412","500","true","","","","","Unmapped"
"ALM_E413","E413","266","","","E413","500","true","","","","","Unmapped"
"ALM_E414","E414","267","","","E414","500","true","","","","","Unmapped"
"ALM_E415","E415","268","","","E415","500","true","","","","","Unmapped"
"ALM_E416","E416","269","","","E416","500","true","","","","","Unmapped"
"ALM_E417","E417","270","","","E417","500","true","","","","","Unmapped"
"ALM_E418","E418","271","","","E418","500","true","","","","","Unmapped"
"ALM_E419","E419","272","","","E419","500","true","","","","","Unmapped"
"ALM_E420","E420","273","","","E420","500","true","","","","","Unmapped"
"ALM_E421","E421","274","","","E421","500","true","","","","","Unmapped"
"ALM_E422","E422","275","","","E422","500","true","","","","","Unmapped"
"ALM_E423","E423","276","","","E423","500","true","","","","","Unmapped"
"ALM_E424","E424","277","","","E424","500","true","","","","","Unmapped"
"ALM_E425","E425","278","","","E425","500","true","","","","","Unmapped"
"ALM_E426","E426","279","","","E426","500","true","","","","","Unmapped"
"ALM_E427","E427","280","","","E427","500","true","","","","","Unmapped"
"ALM_E428","E428","281","","","E428","500","true","","","","","Unmapped"
"ALM_E429","E429","282","","","E429","500","true","","","","","Unmapped"
"ALM_E430","E430","283","","","E430","500","true","","","","","Unmapped"
"ALM_E431","E431","284","","","E431","500","true","","","","","Unmapped"
"ALM_E432","E432","285","","","E432","500","true","","","","","Unmapped"
"ALM_E433","E433","286","","","E433","500","true","","","","","Unmapped"
"ALM_E434","E434","287","","","E434","500","true","","","","","Unmapped"
"ALM_E435","E435","288","","","E435","500","true","","","","","Unmapped"
"ALM_E436","E436","289","","","E436","500","true","","","","","Unmapped"
"ALM_E437","E437","290","","","E437","500","true","","","","","Unmapped"
"ALM_E438","E438","291","","","E438","500","true","","","","","Unmapped"
"ALM_E439","E439","292","","","E439","500","true","","","","","Unmapped"
"ALM_E440","E440","293","","","E440","500","true","","","","","Unmapped"
"ALM_E441","E441","294","","","E441","500","true","","","","","Unmapped"
"ALM_E442","E442","295","","","E442","500","true","","","","","Unmapped"
"ALM_E443","E443","296","","","E443","500","true","","","","","Unmapped"
"ALM_E444","E444","297","","","E444","500","true","","","","","Unmapped"
"ALM_E445","E445","298","","","E445","500","true","","","","","Unmapped"
"ALM_E446","E446","299","","","E446","500","true","","","","","Unmapped"
"ALM_E447","E447","300","","","E447","500","true","","","","","Unmapped"
"ALM_E448","E448","301","","","E448","500","true","","","","","Unmapped"
"ALM_E449","E449","302","","","E449","500","true","","","","","Unmapped"
"ALM_E450","E450","303","","","E450","500","true","","","","","Unmapped"
"ALM_E451","E451","304","","","E451","500","true","","","","","Unmapped"
"ALM_E452","E452","305","","","E452","500","true","","","","","Unmapped"
"ALM_E453","E453","306","","","E453","500","true","","","","","Unmapped"
"ALM_E454","E454","307","","","E454","500","true","","","","","Unmapped"
"ALM_E455","E455","308","","","E455","500","true","","","","","Unmapped"
"ALM_E456","E456","309","","","E456","500","true","","","","","Unmapped"
"ALM_E457","E457","310","","","E457","500","true","","","","","Unmapped"
"ALM_E458","E458","311","","","E458","500","true","","","","","Unmapped"
"ALM_E459","E459","312","","","E459","500","true","","","","","Unmapped"
"ALM_E460","E460","313","","","E460","500","true","","","","","Unmapped"
"ALM_E461","E461","314","","","E461","500","true","","","","","Unmapped"
"ALM_E462","E462","315","","","E462","500","true","","","","","Unmapped"
"ALM_E463","E463","316","","","E463","500","true","","","","","Unmapped"
"ALM_E464","E464","317","","","E464","500","true","","","","","Unmapped"
"ALM_E465","E465","318","","","E465","500","true","","","","","Unmapped"
"ALM_E466","E466","319","","","E466","500","true","","","","","Unmapped"
"ALM_E467","E467","320","","","E467","500","true","","","","","Unmapped"
"ALM_E468","E468","321","","","E468","500","true","","","","","Unmapped"
"ALM_E469","E469","322","","","E469","500","true","","","","","Unmapped"
"ALM_E470","E470","323","","","E470","500","true","","","","","Unmapped"
"ALM_E471","E471","324","","","E471","500","true","","","","","Unmapped"
"ALM_E472","E472","325","","","E472","500","true","","","","","Unmapped"
"ALM_E473","E473","326","","","E473","500","true","","","","","Unmapped"
"ALM_E474","E474","327","","","E474","500","true","","","","","Unmapped"
"ALM_E475","E475","328","","","E475","500","true","","","","","Unmapped"
"ALM_E476","E476","329","","","E476","500","true","","","","","Unmapped"
"ALM_E477","E477","330","","","E477","500","true","","","","","Unmapped"
"ALM_E478","E478","331","","","E478","500","true","","","","","Unmapped"
"ALM_E479","E479","332","","","E479","500","true","","","","","Unmapped"
"ALM_E480","E480","333","","","E480","500","true","","","","","Unmapped"
"ALM_E481","E481","334","","","E481","500","true","","","","","Unmapped"
"ALM_E482","E482","335","","","E482","500","true","","","","","Unmapped"
"ALM_E483","E483","336","","","E483","500","true","","","","","Unmapped"
"ALM_E484","E484","337","","","E484","500","true","","","","","Unmapped"
"ALM_E485","E485","338","","","E485","500","true","","","","","Unmapped"
"ALM_E486","E486","339","","","E486","500","true","","","","","Unmapped"
"ALM_E487","E487","340","","","E487","500","true","","","","","Unmapped"
"ALM_E488","E488","341","","","E488","500","true","","","","","Unmapped"
"ALM_E489","E489","342","","","E489","500","true","","","","","Unmapped"
"ALM_E490","E490","343","","","E490","500","true","","","","","Unmapped"
"ALM_E491","E491","344","","","E491","500","true","","","","","Unmapped"
"ALM_E492","E492","345","","","E492","500","true","","","","","Unmapped"
"ALM_E493","E493","346","","","E493","500","true","","","","","Unmapped"
"ALM_E494","E494","347","","","E494","500","true","","","","","Unmapped"
"ALM_E495","E495","348","","","E495","500","true","","","","","Unmapped"
"ALM_E496","E496","349","","","E496","500","true","","","","","Unmapped"
"ALM_E497","E497","350","","","E497","500","true","","","","","Unmapped"
"ALM_E498","E498","351","","","E498","500","true","","","","","Unmapped"
"ALM_E499","E499","352","","","E499","500","true","","","","","Unmapped"
"ALM_E500","E500","353","","","E500","500","true","","","","","Unmapped"
"ALM_E501","E501","354","","","E501","500","true","","","","","Unmapped"
"ALM_E502","E502","355","","","E502","500","true","","","","","Unmapped"
"ALM_E503","E503","356","","","E503","500","true","","","","","Unmapped"
"ALM_E504","E504","357","","","E504","500","true","","","","","Unmapped"
"ALM_E505","E505","358","","","E505","500","true","","","","","Unmapped"
"ALM_E506","E506","359","","","E506","500","true","","","","","Unmapped"
"ALM_E507","E507","360","","","E507","500","true","","","","","Unmapped"
"ALM_E508","E508","361","","","E508","500","true","","","","","Unmapped"
"ALM_E509","E509","362","","","E509","500","true","","","","","Unmapped"
"ALM_E510","E510","363","","","E510","500","true","","","","","Unmapped"
"ALM_E511","E511","364","","","E511","500","true","","","","","Unmapped"
"ALM_E512","E512","365","","","E512","500","true","","","","","Unmapped"
"ALM_E513","E513","366","","","E513","500","true","","","","","Unmapped"
"ALM_E514","E514","367","","","E514","500","true","","","","","Unmapped"
"ALM_E515","E515","368","","","E515","500","true","","","","","Unmapped"
"ALM_E516","E516","369","","","E516","500","true","","","","","Unmapped"
"ALM_E517","E517","370","","","E517","500","true","","","","","Unmapped"
"ALM_E518","E518","371","","","E518","500","true","","","","","Unmapped"
"ALM_E519","E519","372","","","E519","500","true","","","","","Unmapped"
"ALM_E520","E520","373","","","E520","500","true","","","","","Unmapped"
"ALM_E521","E521","374","","","E521","500","true","","","","","Unmapped"
"ALM_E522","E522","375","","","E522","500","true","","","","","Unmapped"
"ALM_E523","E523","376","","","E523","500","true","","","","","Unmapped"
"ALM_E524","E524","377","","","E524","500","true","","","","","Unmapped"
"ALM_E525","E525","378","","","E525","500","true","","","","","Unmapped"
"ALM_E526","E526","379","","","E526","500","true","","","","","Unmapped"
"ALM_E527","E527","380","","","E527","500","true","","","","","Unmapped"
"ALM_E528","E528","381","","","E528","500","true","","","","","Unmapped"
"ALM_E529","E529","382","","","E529","500","true","","","","","Unmapped"
"ALM_E530","E530","383","","","E530","500","true","","","","","Unmapped"
"ALM_E531","E531","384","","","E531","500","true","","","","","Unmapped"
"ALM_E532","E532","385","","","E532","500","true","","","","","Unmapped"
"ALM_E533","E533","386","","","E533","500","true","","","","","Unmapped"
"ALM_E534","E534","387","","","E534","500","true","","","","","Unmapped"
"ALM_E535","E535","388","","","E535","500","true","","","","","Unmapped"
"ALM_E536","E536","389","","","E536","500","true","","","","","Unmapped"
"ALM_E537","E537","390","","","E537","500","true","","","","","Unmapped"
"ALM_E538","E538","391","","","E538","500","true","","","","","Unmapped"
"ALM_E539","E539","392","","","E539","500","true","","","","","Unmapped"
"ALM_E540","E540","393","","","E540","500","true","","","","","Unmapped"
"ALM_E541","E541","394","","","E541","500","true","","","","","Unmapped"
"ALM_E542","E542","395","","","E542","500","true","","","","","Unmapped"
"ALM_E543","E543","396","","","E543","500","true","","","","","Unmapped"
"ALM_E544","E544","397","","","E544","500","true","","","","","Unmapped"
"ALM_E545","E545","398","","","E545","500","true","","","","","Unmapped"
"ALM_E546","E546","399","","","E546","500","true","","","","","Unmapped"
"ALM_E547","E547","400","","","E547","500","true","","","","","Unmapped"
"ALM_E548","E548","401","","","E548","500","true","","","","","Unmapped"
"ALM_E549","E549","402","","","E549","500","true","","","","","Unmapped"
"ALM_E550","E550","403","","","E550","500","true","","","","","Unmapped"
"ALM_E551","E551","404","","","E551","500","true","","","","","Unmapped"
"ALM_E552","E552","405","","","E552","500","true","","","","","Unmapped"
"ALM_E553","E553","406","","","E553","500","true","","","","","Unmapped"
"ALM_E554","E554","407","","","E554","500","true","","","","","Unmapped"
"ALM_E555","E555","408","","","E555","500","true","","","","","Unmapped"
"ALM_E556","E556","409","","","E556","500","true","","","","","Unmapped"
"ALM_E557","E557","410","","","E557","500","true","","","","","Unmapped"
"ALM_E558","E558","411","","","E558","500","true","","","","","Unmapped"
"ALM_E559","E559","412","","","E559","500","true","","","","","Unmapped"
"ALM_E560","E560","413","","","E560","500","true","","","","","Unmapped"
"ALM_E561","E561","414","","","E561","500","true","","","","","Unmapped"
"ALM_E562","E562","415","","","E562","500","true","","","","","Unmapped"
"ALM_E563","E563","416","","","E563","500","true","","","","","Unmapped"
"ALM_E564","E564","417","","","E564","500","true","","","","","Unmapped"
"ALM_E565","E565","418","","","E565","500","true","","","","","Unmapped"
"ALM_E566","E566","419","","","E566","500","true","","","","","Unmapped"
"ALM_E567","E567","420","","","E567","500","true","","","","","Unmapped"
"ALM_E568","E568","421","","","E568","500","true","","","","","Unmapped"
"ALM_E569","E569","422","","","E569","500","true","","","","","Unmapped"
"ALM_E570","E570","423","","","E570","500","true","","","","","Unmapped"
"ALM_E571","E571","424","","","E571","500","true","","","","","Unmapped"
"ALM_E572","E572","425","","","E572","500","true","","","","","Unmapped"
"ALM_E573","E573","426","","","E573","500","true","","","","","Unmapped"
"ALM_E574","E574","427","","","E574","500","true","","","","","Unmapped"
"ALM_E575","E575","428","","","E575","500","true","","","","","Unmapped"
"ALM_E576","E576","429","","","E576","500","true","","","","","Unmapped"
"ALM_E577","E577","430","","","E577","500","true","","","","","Unmapped"
"ALM_E578","E578","431","","","E578","500","true","","","","","Unmapped"
"ALM_E579","E579","432","","","E579","500","true","","","","","Unmapped"
"ALM_E580","E580","433","","","E580","500","true","","","","","Unmapped"
"ALM_E581","E581","434","","","E581","500","true","","","","","Unmapped"
"ALM_E582","E582","435","","","E582","500","true","","","","","Unmapped"
"ALM_E583","E583","436","","","E583","500","true","","","","","Unmapped"
"ALM_E584","E584","437","","","E584","500","true","","","","","Unmapped"
"ALM_E585","E585","438","","","E585","500","true","","","","","Unmapped"
"ALM_E586","E586","439","","","E586","500","true","","","","","Unmapped"
"ALM_E587","E587","440","","","E587","500","true","","","","","Unmapped"
"ALM_E588","E588","441","","","E588","500","true","","","","","Unmapped"
"ALM_E589","E589","442","","","E589","500","true","","","","","Unmapped"
"ALM_E590","E590","443","","","E590","500","true","","","","","Unmapped"
"ALM_E591","E591","444","","","E591","500","true","","","","","Unmapped"
"ALM_E592","E592","445","","","E592","500","true","","","","","Unmapped"
"ALM_E593","E593","446","","","E593","500","true","","","","","Unmapped"
"ALM_E594","E594","447","","","E594","500","true","","","","","Unmapped"
"ALM_E595","E595","448","","","E595","500","true","","","","","Unmapped"
"ALM_E596","E596","449","","","E596","500","true","","","","","Unmapped"
"ALM_E597","E597","450","","","E597","500","true","","","","","Unmapped"
"ALM_E598","E598","451","","","E598","500","true","","","","","Unmapped"
"ALM_E599","E599","452","","","E599","500","true","","","","","Unmapped"
"ALM_E600","E600","453","","","E600","500","true","","","","","Unmapped"
"ALM_E601","E601","454","","","E601","500","true","","","","","Unmapped"
"ALM_E602","E602","455","","","E602","500","true","","","","","Unmapped"
"ALM_E603","E603","456","","","E603","500","true","","","","","Unmapped"
"ALM_E604","E604","457","","","E604","500","true","","","","","Unmapped"
"ALM_E605","E605","458","","","E605","500","true","","","","","Unmapped"
"ALM_E606","E606","459","","","E606","500","true","","","","","Unmapped"
"ALM_E607","E607","460","","","E607","500","true","","","","","Unmapped"
"ALM_E608","E608","461","","","E608","500","true","","","","","Unmapped"
