"AlarmName","ErrorCode","Message","Severity","AckRequired","Trigger","Device"
"ALM_E001","E001","E001 AENTR IO 01 Communication  Faulted","500","true","","AENTR IO 01"
"ALM_E002","E002","E002 AENTR IO 02 Communication  Faulted","500","true","","AENTR IO 02"
"ALM_E003","E003","E003 Remote IO 01 Communication  Faulted","500","true","","Remote IO 01"
"ALM_E004","E004","E004 Remote IO 02 Communication  Faulted","500","true","","Remote IO 02"
"ALM_E005","E005","E005 Tray Pusher Servo 01 Drive Communication  Faulted","500","true","FB_Servo01.Alarm.E005","Tray Pusher Servo 01"
"ALM_E006","E006","E006 Plate Pusher Servo 01 Drive Communication  Faulted","500","true","FB_Servo02.Alarm.E006","Plate Pusher Servo 01"
"ALM_E007","E007","E007 Plate Guide Servo 01 Drive Communication  Faulted","500","true","FB_Servo03.Alarm.E007","Plate Guide Servo 01"
"ALM_E008","E008","E008 Tray Pusher Servo 02 Drive Communication  Faulted","500","true","FB_Servo04.Alarm.E008","Tray Pusher Servo 02"
"ALM_E009","E009","E009 Plate Pusher Servo 02 Drive Communication  Faulted","500","true","FB_Servo05.Alarm.E009","Plate Pusher Servo 02"
"ALM_E010","E010","E010 Plate Guide Servo 02 Drive Communication  Faulted","500","true","FB_Servo06.Alarm.E010","Plate Guide Servo 02"
"ALM_E011","E011","E011 Printer Assembly Servo Slide Drive Communication  Faulted","500","true","FB_Servo07.Alarm.E011","Printer Assembly Servo Slide"
"ALM_E012","E012","E012 Tray Insertion Servo Slide Drive Communication  Faulted","500","true","FB_Servo08.Alarm.E012","Tray Insertion Servo Slide"
"ALM_E013","E013","E013 Tray Stacker Servo 01 Drive Communication  Faulted","500","true","FB_Servo09.Alarm.E013","Tray Stacker Servo 01"
"ALM_E014","E014","E014 Tray Stacker Servo 02 Drive Communication  Faulted","500","true","FB_Servo10.Alarm.E014","Tray Stacker Servo 02"
"ALM_E015","E015","E015 Plate Feeding Conveyor Drive Communication  Faulted","500","true","FB_Drive01.Alarm.E015","Plate Feeding Conveyor"
"ALM_E016","E016","E016 Tray Feeding Conveyor Drive Communication  Faulted","500","true","FB_Drive02.Alarm.E016","Tray Feeding Conveyor"
"ALM_E017","E017","E017 Sealing Conveyor Drive Communication  Faulted","500","true","FB_Drive03.Alarm.E017","Sealing Conveyor"
"ALM_E018","E018","E018 Plate Handling ROBOT-01 Communication  Faulted","500","true","FB_RBT01.Alarm.E018","Plate Handling ROBOT-01"
"ALM_E019","E019","E019 Plate Handling ROBOT-02 Communication  Faulted","500","true","FB_RBT02.Alarm.E019","Plate Handling ROBOT-02"
"ALM_E020","E020","E020 Tray Transfer Robot 01 Communication  Faulted","500","true","","Tray Transfer Robot 01"
"ALM_E021","E021","E021 Bag Transfer Robot 01 Communication  Faulted","500","true","","Bag Transfer Robot 01"
"ALM_E022","E022","E022 Valve Bank Communication  Faulted","500","true","","Valve Bank"
"ALM_E023","E023","E023 Spare","500","true","","Spare"
"ALM_E024","E024","E024 Spare","500","true","","Spare"
"ALM_E025","E025","E025","500","true","",""
"ALM_E026","E026","E026","500","true","",""
"ALM_E027","E027","E027","500","true","",""
"ALM_E028","E028","E028","500","true","",""
"ALM_E029","E029","E029","500","true","",""
"ALM_E030","E030","E030","500","true","",""
"ALM_E031","E031","E031","500","true","",""
"ALM_E032","E032","E032","500","true","",""
"ALM_E101","E101","E101 Air Pressure Low","500","true","","Air Pressure"
"ALM_E102","E102","E102 E-Stop At HMI Pressed","500","true","","E-Stop At HMI"
"ALM_E103","E103","E103 E-Stop At Fame 02 Pressed","500","true","","E-Stop At Fame 02"
"ALM_E104","E104","E104 Frame 01 Door 01 Open","500","true","","Frame 01 Door 01"
"ALM_E105","E105","E105 Frame 01 Door 02 Open","500","true","","Frame 01 Door 02"
"ALM_E106","E106","E106 Frame 01 Door 03 Open","500","true","","Frame 01 Door 03"
"ALM_E107","E107","E107 Frame 01 Tray 01 Door 04 Open","500","true","","Frame 01 Tray 01 Door 04"
"ALM_E108","E108","E108 Frame 01 Tray 02 Door 05 Open","500","true","","Frame 01 Tray 02 Door 05"
"ALM_E109","E109","E109 Frame 02 Door 01 Open","500","true","","Frame 02 Door 01"
"ALM_E110","E110","E110 Frame 02 Door 02 Open","500","true","","Frame 02 Door 02"
"ALM_E111","E111","E111 Frame 02 Door 03 Open","500","true","","Frame 02 Door 03"
"ALM_E112","E112","E112 Frame 02 Door 04 Open","500","true","","Frame 02 Door 04"
"ALM_E113","E113","E113 Frame 02 Door 05 Open","500","true","","Frame 02 Door 05"
"ALM_E114","E114","E114 Frame 02 Door 06 Open","500","true","","Frame 02 Door 06"
"ALM_E115","E115","E115 Frame 02 Bag Bin 01 Door 07 Open","500","true","","Frame 02 Bag Bin 01 Door 07"
"ALM_E116","E116","E116 Frame 02 Bag Bin 02 Door 08 Open","500","true","","Frame 02 Bag Bin 02 Door 08"
"ALM_E117","E117","E117 Tray Stacker Safety Cover","500","true","","Tray Stacker Safety Cover"
"ALM_E118","E118","E118 Bag Bin Safety Cover","500","true","","Bag Bin Safety Cover"
"ALM_E119","E119","E119","500","true","",""
"ALM_E120","E120","E120","500","true","",""
"ALM_E201","E201","E201 Tray Pusher Servo 01 MPCB Tripped","500","true","FB_Servo01.Alarm.E201","Tray Pusher Servo 01"
"ALM_E202","E202","E202 Tray Pusher Servo 01 Drive Not Ready","500","true","FB_Servo01.Alarm.E202","Tray Pusher Servo 01"
"ALM_E203","E203","E203 Tray Pusher Servo 01 Drive  Faulted","500","true","FB_Servo01.Alarm.E203","Tray Pusher Servo 01"
"ALM_E204","E204","E204 Plate Pusher Servo 01 MPCB Tripped","500","true","FB_Servo02.Alarm.E204","Plate Pusher Servo 01"
"ALM_E205","E205","E205 Plate Pusher Servo 01 Drive Not Ready","500","true","FB_Servo02.Alarm.E205","Plate Pusher Servo 01"
"ALM_E206","E206","E206 Plate Pusher Servo 01 Drive  Faulted","500","true","FB_Servo02.Alarm.E206","Plate Pusher Servo 01"
"ALM_E207","E207","E207 Plate Guide Servo 01 MPCB Tripped","500","true","FB_Servo03.Alarm.E207","Plate Guide Servo 01"
"ALM_E208","E208","E208 Plate Guide Servo 01 Drive Not Ready","500","true","FB_Servo03.Alarm.E208","Plate Guide Servo 01"
"ALM_E209","E209","E209 Plate Guide Servo 01 Drive  Faulted","500","true","FB_Servo03.Alarm.E209","Plate Guide Servo 01"
"ALM_E210","E210","E210 Tray Pusher Servo 02 MPCB Tripped","500","true","FB_Servo04.Alarm.E210","Tray Pusher Servo 02"
"ALM_E211","E211","E211 Tray Pusher Servo 02 Drive Not Ready","500","true","FB_Servo04.Alarm.E211","Tray Pusher Servo 02"
"ALM_E212","E212","E212 Tray Pusher Servo 02 Drive  Faulted","500","true","FB_Servo04.Alarm.E212","Tray Pusher Servo 02"
"ALM_E213","E213","E213 Plate Pusher Servo 02 MPCB Tripped","500","true","FB_Servo05.Alarm.E213","Plate Pusher Servo 02"
"ALM_E214","E214","E214 Plate Pusher Servo 02 Drive Not Ready","500","true","FB_Servo05.Alarm.E214","Plate Pusher Servo 02"
"ALM_E215","E215","E215 Plate Pusher Servo 02 Drive  Faulted","500","true","FB_Servo05.Alarm.E215","Plate Pusher Servo 02"
"ALM_E216","E216","E216 Plate Guide Servo 02 MPCB Tripped","500","true","FB_Servo06.Alarm.E216","Plate Guide Servo 02"
"ALM_E217","E217","E217 Plate Guide Servo 02 Drive Not Ready","500","true","FB_Servo06.Alarm.E217","Plate Guide Servo 02"
"ALM_E218","E218","E218 Plate Guide Servo 02 Drive  Faulted","500","true","FB_Servo06.Alarm.E218","Plate Guide Servo 02"
"ALM_E219","E219","E219 Printer Assembly Servo Slide MPCB Tripped","500","true","FB_Servo07.Alarm.E219","Printer Assembly Servo Slide"
"ALM_E220","E220","E220 Printer Assembly Servo Slide Drive Not Ready","500","true","FB_Servo07.Alarm.E220","Printer Assembly Servo Slide"
"ALM_E221","E221","E221 Printer Assembly Servo Slide Drive  Faulted","500","true","FB_Servo07.Alarm.E221","Printer Assembly Servo Slide"
"ALM_E222","E222","E222 Tray Insertion Servo Slide MPCB Tripped","500","true","FB_Servo08.Alarm.E222","Tray Insertion Servo Slide"
"ALM_E223","E223","E223 Tray Insertion Servo Slide Drive Not Ready","500","true","FB_Servo08.Alarm.E223","Tray Insertion Servo Slide"
"ALM_E224","E224","E224 Tray Insertion Servo Slide Drive  Faulted","500","true","FB_Servo08.Alarm.E224","Tray Insertion Servo Slide"
"ALM_E225","E225","E225 Tray Stacker Servo 01 MPCB Tripped","500","true","FB_Servo09.Alarm.E225","Tray Stacker Servo 01"
"ALM_E226","E226","E226 Tray Stacker Servo 01 Drive Not Ready","500","true","FB_Servo09.Alarm.E226","Tray Stacker Servo 01"
"ALM_E227","E227","E227 Tray Stacker Servo 01 Drive  Faulted","500","true","FB_Servo09.Alarm.E227","Tray Stacker Servo 01"
"ALM_E228","E228","E228 Tray Stacker Servo 02 MPCB Tripped","500","true","FB_Servo10.Alarm.E228","Tray Stacker Servo 02"
"ALM_E229","E229","E229 Tray Stacker Servo 02 Drive Not Ready","500","true","FB_Servo10.Alarm.E229","Tray Stacker Servo 02"
"ALM_E230","E230","E230 Tray Stacker Servo 02 Drive  Faulted","500","true","FB_Servo10.Alarm.E230","Tray Stacker Servo 02"
"ALM_E231","E231","E231 Plate Feeding Conveyor MPCB Tripped","500","true","FB_Drive01.Alarm.E231","Plate Feeding Conveyor"
"ALM_E232","E232","E232 Plate Feeding Conveyor Drive Not Ready","500","true","FB_Drive01.Alarm.E232","Plate Feeding Conveyor"
"ALM_E233","E233","E233 Plate Feeding Conveyor Drive  Faulted","500","true","FB_Drive01.Alarm.E233","Plate Feeding Conveyor"
"ALM_E234","E234","E234 Tray Feeding Conveyor MPCB Tripped","500","true","FB_Drive02.Alarm.E234","Tray Feeding Conveyor"
"ALM_E235","E235","E235 Tray Feeding Conveyor Drive Not Ready","500","true","FB_Drive02.Alarm.E235","Tray Feeding Conveyor"
"ALM_E236","E236","E236 Tray Feeding Conveyor Drive  Faulted","500","true","FB_Drive02.Alarm.E236","Tray Feeding Conveyor"
"ALM_E237","E237","E237 Sealing Conveyor MPCB Tripped","500","true","FB_Drive03.Alarm.E237","Sealing Conveyor"
"ALM_E238","E238","E238 Sealing Conveyor Drive Not Ready","500","true","FB_Drive03.Alarm.E238","Sealing Conveyor"
"ALM_E239","E239","E239 Sealing Conveyor Drive  Faulted","500","true","FB_Drive03.Alarm.E239","Sealing Conveyor"
"ALM_E240","E240","E240 Bowl Feeder Bowl Motor 01 MPCB Tripped","500","true","","Bowl Feeder Bowl Motor 01"
"ALM_E241","E241","E241 Bowl Feeder Linear Motor 01 MPCB Tripped","500","true","","Bowl Feeder Linear Motor 01"
"ALM_E242","E242","E242 Bowl Feeder Bowl Motor 02 MPCB Tripped","500","true","","Bowl Feeder Bowl Motor 02"
"ALM_E243","E243","E243 Bowl Feeder Linear Motor 02 MPCB Tripped","500","true","","Bowl Feeder Linear Motor 02"
"ALM_E244","E244","E244 Vacuum Pump MPCB Tripped","500","true","FB_DOL03.Alarm.E244","Vacuum Pump"
"ALM_E245","E245","E245 Bag Sealer Vacuum Pump MPCB Tripped","500","true","FB_DOL04.Alarm.E245","Bag Sealer Vacuum Pump"
"ALM_E246","E246","E246 Plate Infeed Conveyor Diverter Both Reedswitch Present","500","true","FB_PV01.Alarm.E246","Plate Infeed Conveyor Diverter"
"ALM_E247","E247","E247 Plate Infeed Conveyor Diverter Both Reedswitch Absent","500","true","FB_PV01.Alarm.E247","Plate Infeed Conveyor Diverter"
"ALM_E248","E248","E248 Plate Infeed Conveyor Diverter Position 01 Reedswitch Absent","500","true","FB_PV01.Alarm.E248","Plate Infeed Conveyor Diverter"
"ALM_E249","E249","E249 Plate Infeed Conveyor Diverter Position 02 Reedswitch Absent","500","true","FB_PV01.Alarm.E249","Plate Infeed Conveyor Diverter"
"ALM_E250","E250","E250 Linear Feeder 01 Exit Stopper Both Reedswitch Present","500","true","FB_PV02.Alarm.E250","Linear Feeder 01 Exit Stopper"
"ALM_E251","E251","E251 Linear Feeder 01 Exit Stopper Both Reedswitch Absent","500","true","FB_PV02.Alarm.E251","Linear Feeder 01 Exit Stopper"
"ALM_E252","E252","E252 Linear Feeder 01 Exit Stopper Open Reedswitch Absent","500","true","FB_PV02.Alarm.E252","Linear Feeder 01 Exit Stopper"
"ALM_E253","E253","E253 Linear Feeder 01 Exit Stopper Close Reedswitch Absent","500","true","FB_PV02.Alarm.E253","Linear Feeder 01 Exit Stopper"
"ALM_E254","E254","E254 Linear Feeder 02 Exit Stopper Both Reedswitch Present","500","true","FB_PV03.Alarm.E254","Linear Feeder 02 Exit Stopper"
"ALM_E255","E255","E255 Linear Feeder 02 Exit Stopper Both Reedswitch Absent","500","true","FB_PV03.Alarm.E255","Linear Feeder 02 Exit Stopper"
"ALM_E256","E256","E256 Linear Feeder 02 Exit Stopper Open Reedswitch Absent","500","true","FB_PV03.Alarm.E256","Linear Feeder 02 Exit Stopper"
"ALM_E257","E257","E257 Linear Feeder 02 Exit Stopper Close Reedswitch Absent","500","true","FB_PV03.Alarm.E257","Linear Feeder 02 Exit Stopper"
"ALM_E258","E258","E258 Plate Handling ROBOT 01 Gripper Both Reedswitch Present","500","true","FB_PV04.Alarm.E258","Plate Handling ROBOT 01 Gripper"
"ALM_E259","E259","E259 Plate Handling ROBOT 01 Gripper Both Reedswitch Absent","500","true","FB_PV04.Alarm.E259","Plate Handling ROBOT 01 Gripper"
"ALM_E260","E260","E260 Plate Handling ROBOT 01 Gripper Forward Reedswitch Absent","500","true","FB_PV04.Alarm.E260","Plate Handling ROBOT 01 Gripper"
"ALM_E261","E261","E261 Plate Handling ROBOT 01 Gripper Reverse Reedswitch Absent","500","true","FB_PV04.Alarm.E261","Plate Handling ROBOT 01 Gripper"
"ALM_E262","E262","E262 Tray 01 Side Guide Both Reedswitch Present","500","true","FB_PV05.Alarm.E262","Tray 01 Side Guide"
"ALM_E263","E263","E263 Tray 01 Side Guide Both Reedswitch Absent","500","true","FB_PV05.Alarm.E263","Tray 01 Side Guide"
"ALM_E264","E264","E264 Tray 01 Side Guide Forward Reedswitch Absent","500","true","FB_PV05.Alarm.E264","Tray 01 Side Guide"
"ALM_E265","E265","E265 Tray 01 Side Guide Reverse Reedswitch Absent","500","true","FB_PV05.Alarm.E265","Tray 01 Side Guide"
"ALM_E266","E266","E266 Tray 01 Front Guide Both Reedswitch Present","500","true","FB_PV06.Alarm.E266","Tray 01 Front Guide"
"ALM_E267","E267","E267 Tray 01 Front Guide Both Reedswitch Absent","500","true","FB_PV06.Alarm.E267","Tray 01 Front Guide"
"ALM_E268","E268","E268 Tray 01 Front Guide Up Reedswitch Absent","500","true","FB_PV06.Alarm.E268","Tray 01 Front Guide"
"ALM_E269","E269","E269 Tray 01 Front Guide Down Reedswitch Absent","500","true","FB_PV06.Alarm.E269","Tray 01 Front Guide"
"ALM_E270","E270","E270 Tray 01 Stopper 01 Both Reedswitch Present","500","true","","Tray 01 Stopper 01"
"ALM_E271","E271","E271 Tray 01 Stopper 01 Both Reedswitch Absent","500","true","","Tray 01 Stopper 01"
"ALM_E272","E272","E272 Tray 01 Stopper 01 Up Reedswitch Absent","500","true","","Tray 01 Stopper 01"
"ALM_E273","E273","E273 Tray 01 Stopper 01 Down Reedswitch Absent","500","true","","Tray 01 Stopper 01"
"ALM_E274","E274","E274 Tray 01 Stopper 02 Both Reedswitch Present","500","true","","Tray 01 Stopper 02"
"ALM_E275","E275","E275 Tray 01 Stopper 02 Both Reedswitch Absent","500","true","","Tray 01 Stopper 02"
"ALM_E276","E276","E276 Tray 01 Stopper 02 Up Reedswitch Absent","500","true","","Tray 01 Stopper 02"
"ALM_E277","E277","E277 Tray 01 Stopper 02 Down Reedswitch Absent","500","true","","Tray 01 Stopper 02"
"ALM_E278","E278","E278 Tray 01 Pusher UP FB Both Reedswitch Present","500","true","FB_PV08.Alarm.E278","Tray 01 Pusher UP FB"
"ALM_E279","E279","E279 Tray 01 Pusher UP FB Both Reedswitch Absent","500","true","FB_PV08.Alarm.E279","Tray 01 Pusher UP FB"
"ALM_E280","E280","E280 Tray 01 Pusher UP FB Open Reedswitch Absent","500","true","FB_PV08.Alarm.E280","Tray 01 Pusher UP FB"
"ALM_E281","E281","E281 Tray 01 Pusher UP FB Close Reedswitch Absent","500","true","FB_PV08.Alarm.E281","Tray 01 Pusher UP FB"
"ALM_E282","E282","E282 Plate Handling ROBOT 02 Gripper Both Reedswitch Present","500","true","FB_PV09.Alarm.E282","Plate Handling ROBOT 02 Gripper"
"ALM_E283","E283","E283 Plate Handling ROBOT 02 Gripper Both Reedswitch Absent","500","true","FB_PV09.Alarm.E283","Plate Handling ROBOT 02 Gripper"
"ALM_E284","E284","E284 Plate Handling ROBOT 02 Gripper Open Reedswitch Absent","500","true","FB_PV09.Alarm.E284","Plate Handling ROBOT 02 Gripper"
"ALM_E285","E285","E285 Plate Handling ROBOT 02 Gripper Close Reedswitch Absent","500","true","FB_PV09.Alarm.E285","Plate Handling ROBOT 02 Gripper"
"ALM_E286","E286","E286 Tray 02 Side Guide Both Reedswitch Present","500","true","FB_PV10.Alarm.E286","Tray 02 Side Guide"
"ALM_E287","E287","E287 Tray 02 Side Guide Both Reedswitch Absent","500","true","FB_PV10.Alarm.E287","Tray 02 Side Guide"
"ALM_E288","E288","E288 Tray 02 Side Guide Forward Reedswitch Absent","500","true","FB_PV10.Alarm.E288","Tray 02 Side Guide"
"ALM_E289","E289","E289 Tray 02 Side Guide Reverse Reedswitch Absent","500","true","FB_PV10.Alarm.E289","Tray 02 Side Guide"
"ALM_E290","E290","E290 Tray 02 Front Guide Both Reedswitch Present","500","true","FB_PV11.Alarm.E290","Tray 02 Front Guide"
"ALM_E291","E291","E291 Tray 02 Front Guide Both Reedswitch Absent","500","true","FB_PV11.Alarm.E291","Tray 02 Front Guide"
"ALM_E292","E292","E292 Tray 02 Front Guide Forward Reedswitch Absent","500","true","FB_PV11.Alarm.E292","Tray 02 Front Guide"
"ALM_E293","E293","E293 Tray 02 Front Guide Reverse Reedswitch Absent","500","true","FB_PV11.Alarm.E293","Tray 02 Front Guide"
"ALM_E294","E294","E294 Tray 02 Stopper 01 Both Reedswitch Present","500","true","","Tray 02 Stopper 01"
"ALM_E295","E295","E295 Tray 02 Stopper 01 Both Reedswitch Absent","500","true","","Tray 02 Stopper 01"
"ALM_E296","E296","E296 Tray 02 Stopper 01 Up Reedswitch Absent","500","true","","Tray 02 Stopper 01"
"ALM_E297","E297","E297 Tray 02 Stopper 01 Down Reedswitch Absent","500","true","","Tray 02 Stopper 01"
"ALM_E298","E298","E298 Tray 02 Stopper 02 Both Reedswitch Present","500","true","","Tray 02 Stopper 02"
"ALM_E299","E299","E299 Tray 02 Stopper 02 Both Reedswitch Absent","500","true","","Tray 02 Stopper 02"
"ALM_E300","E300","E300 Tray 02 Stopper 02 Up Reedswitch Absent","500","true","","Tray 02 Stopper 02"
"ALM_E301","E301","E301 Tray 02 Stopper 02 Down Reedswitch Absent","500","true","","Tray 02 Stopper 02"
"ALM_E302","E302","E302 Tray 02 Pusher UP FB Both Reedswitch Present","500","true","FB_PV13.Alarm.E302","Tray 02 Pusher UP FB"
"ALM_E303","E303","E303 Tray 02 Pusher UP FB Both Reedswitch Absent","500","true","FB_PV13.Alarm.E303","Tray 02 Pusher UP FB"
"ALM_E304","E304","E304 Tray 02 Pusher UP FB Up Reedswitch Absent","500","true","FB_PV13.Alarm.E304","Tray 02 Pusher UP FB"
"ALM_E305","E305","E305 Tray 02 Pusher UP FB Down Reedswitch Absent","500","true","FB_PV13.Alarm.E305","Tray 02 Pusher UP FB"
"ALM_E306","E306","E306 Tray Insertion Servo Slide Pusher Both Reedswitch Present","500","true","FB_PV14.Alarm.E306","Tray Insertion Servo Slide Pusher"
"ALM_E307","E307","E307 Tray Insertion Servo Slide Pusher Both Reedswitch Absent","500","true","FB_PV14.Alarm.E307","Tray Insertion Servo Slide Pusher"
"ALM_E308","E308","E308 Tray Insertion Servo Slide Pusher Up Reedswitch Absent","500","true","FB_PV14.Alarm.E308","Tray Insertion Servo Slide Pusher"
"ALM_E309","E309","E309 Tray Insertion Servo Slide Pusher Down Reedswitch Absent","500","true","FB_PV14.Alarm.E309","Tray Insertion Servo Slide Pusher"
"ALM_E310","E310","E310 Tray Insertion Servo Tray Stopper Both Reedswitch Present","500","true","FB_PV15.Alarm.E310","Tray Insertion Servo Tray Stopper"
"ALM_E311","E311","E311 Tray Insertion Servo Tray Stopper Both Reedswitch Absent","500","true","FB_PV15.Alarm.E311","Tray Insertion Servo Tray Stopper"
"ALM_E312","E312","E312 Tray Insertion Servo Tray Stopper Up Reedswitch Absent","500","true","FB_PV15.Alarm.E312","Tray Insertion Servo Tray Stopper"
"ALM_E313","E313","E313 Tray Insertion Servo Tray Stopper Down Reedswitch Absent","500","true","FB_PV15.Alarm.E313","Tray Insertion Servo Tray Stopper"
"ALM_E314","E314","E314 Bag Opening Swing Arm 1 Both Reedswitch Present","500","true","","Bag Opening Swing Arm 1"
"ALM_E315","E315","E315 Bag Opening Swing Arm 1 Both Reedswitch Absent","500","true","","Bag Opening Swing Arm 1"
"ALM_E316","E316","E316 Bag Opening Swing Arm 1 In Reedswitch Absent","500","true","","Bag Opening Swing Arm 1"
"ALM_E317","E317","E317 Bag Opening Swing Arm 1 Out Reedswitch Absent","500","true","","Bag Opening Swing Arm 1"
"ALM_E318","E318","E318 Bag Opening Swing Arm 2 Both Reedswitch Present","500","true","","Bag Opening Swing Arm 2"
"ALM_E319","E319","E319 Bag Opening Swing Arm 2 Both Reedswitch Absent","500","true","","Bag Opening Swing Arm 2"
"ALM_E320","E320","E320 Bag Opening Swing Arm 2 In Reedswitch Absent","500","true","","Bag Opening Swing Arm 2"
"ALM_E321","E321","E321 Bag Opening Swing Arm 2 Out Reedswitch Absent","500","true","","Bag Opening Swing Arm 2"
"ALM_E322","E322","E322 Bag Opening Swing Arm Stretch Both Reedswitch Present","500","true","FB_PV17.Alarm.E322","Bag Opening Swing Arm Stretch"
"ALM_E323","E323","E323 Bag Opening Swing Arm Stretch Both Reedswitch Absent","500","true","FB_PV17.Alarm.E323","Bag Opening Swing Arm Stretch"
"ALM_E324","E324","E324 Bag Opening Swing Arm Stretch In Reedswitch Absent","500","true","FB_PV17.Alarm.E324","Bag Opening Swing Arm Stretch"
"ALM_E325","E325","E325 Bag Opening Swing Arm Stretch Out Reedswitch Absent","500","true","FB_PV17.Alarm.E325","Bag Opening Swing Arm Stretch"
"ALM_E326","E326","E326 Bag Opening Vacuum Cup Lifter Both Reedswitch Present","500","true","FB_PV18.Alarm.E326","Bag Opening Vacuum Cup Lifter"
"ALM_E327","E327","E327 Bag Opening Vacuum Cup Lifter Both Reedswitch Absent","500","true","FB_PV18.Alarm.E327","Bag Opening Vacuum Cup Lifter"
"ALM_E328","E328","E328 Bag Opening Vacuum Cup Lifter Up Reedswitch Absent","500","true","FB_PV18.Alarm.E328","Bag Opening Vacuum Cup Lifter"
"ALM_E329","E329","E329 Bag Opening Vacuum Cup Lifter Down Reedswitch Absent","500","true","FB_PV18.Alarm.E329","Bag Opening Vacuum Cup Lifter"
"ALM_E330","E330","E330 Tray Stacker Safety Cover Slide Both Reedswitch Present","500","true","FB_PV19.Alarm.E330","Tray Stacker Safety Cover Slide"
"ALM_E331","E331","E331 Tray Stacker Safety Cover Slide Both Reedswitch Absent","500","true","FB_PV19.Alarm.E331","Tray Stacker Safety Cover Slide"
"ALM_E332","E332","E332 Tray Stacker Safety Cover Slide Position 01 Reedswitch Absent","500","true","FB_PV19.Alarm.E332","Tray Stacker Safety Cover Slide"
"ALM_E333","E333","E333 Tray Stacker Safety Cover Slide Position 02 Reedswitch Absent","500","true","FB_PV19.Alarm.E333","Tray Stacker Safety Cover Slide"
"ALM_E334","E334","E334 Tray Stacker 01 Tray Centering Both Reedswitch Present","500","true","FB_PV20.Alarm.E334","Tray Stacker 01 Tray Centering"
"ALM_E335","E335","E335 Tray Stacker 01 Tray Centering Both Reedswitch Absent","500","true","FB_PV20.Alarm.E335","Tray Stacker 01 Tray Centering"
"ALM_E336","E336","E336 Tray Stacker 01 Tray Centering In Reedswitch Absent","500","true","FB_PV20.Alarm.E336","Tray Stacker 01 Tray Centering"
"ALM_E337","E337","E337 Tray Stacker 01 Tray Centering Out Reedswitch Absent","500","true","FB_PV20.Alarm.E337","Tray Stacker 01 Tray Centering"
"ALM_E338","E338","E338 Tray Stacker 01 Tray Referencing Both Reedswitch Present","500","true","FB_PV21.Alarm.E338","Tray Stacker 01 Tray Referencing"
"ALM_E339","E339","E339 Tray Stacker 01 Tray Referencing Both Reedswitch Absent","500","true","FB_PV21.Alarm.E339","Tray Stacker 01 Tray Referencing"
"ALM_E340","E340","E340 Tray Stacker 01 Tray Referencing Forward Reedswitch Absent","500","true","FB_PV21.Alarm.E340","Tray Stacker 01 Tray Referencing"
"ALM_E341","E341","E341 Tray Stacker 01 Tray Referencing Reverse Reedswitch Absent","500","true","FB_PV21.Alarm.E341","Tray Stacker 01 Tray Referencing"
"ALM_E342","E342","E342 Tray Stacker 02 Tray Centering Both Reedswitch Present","500","true","FB_PV22.Alarm.E342","Tray Stacker 02 Tray Centering"
"ALM_E343","E343","E343 Tray Stacker 02 Tray Centering Both Reedswitch Absent","500","true","FB_PV22.Alarm.E343","Tray Stacker 02 Tray Centering"
"ALM_E344","E344","E344 Tray Stacker 02 Tray Centering In Reedswitch Absent","500","true","FB_PV22.Alarm.E344","Tray Stacker 02 Tray Centering"
"ALM_E345","E345","E345 Tray Stacker 02 Tray Centering Out Reedswitch Absent","500","true","FB_PV22.Alarm.E345","Tray Stacker 02 Tray Centering"
"ALM_E346","E346","E346 Tray Stacker 02 Tray Referencing Both Reedswitch Present","500","true","FB_PV23.Alarm.E346","Tray Stacker 02 Tray Referencing"
"ALM_E347","E347","E347 Tray Stacker 02 Tray Referencing Both Reedswitch Absent","500","true","FB_PV23.Alarm.E347","Tray Stacker 02 Tray Referencing"
"ALM_E348","E348","E348 Tray Stacker 02 Tray Referencing Forward Reedswitch Absent","500","true","FB_PV23.Alarm.E348","Tray Stacker 02 Tray Referencing"
"ALM_E349","E349","E349 Tray Stacker 02 Tray Referencing Reverse Reedswitch Absent","500","true","FB_PV23.Alarm.E349","Tray Stacker 02 Tray Referencing"
"ALM_E350","E350","E350 Tray Transfer ROBOT Tray Lifter Both Reedswitch Present","500","true","FB_PV24.Alarm.E350","Tray Transfer ROBOT Tray Lifter"
"ALM_E351","E351","E351 Tray Transfer ROBOT Tray Lifter Both Reedswitch Absent","500","true","FB_PV24.Alarm.E351","Tray Transfer ROBOT Tray Lifter"
"ALM_E352","E352","E352 Tray Transfer ROBOT Tray Lifter Up Reedswitch Absent","500","true","FB_PV24.Alarm.E352","Tray Transfer ROBOT Tray Lifter"
"ALM_E353","E353","E353 Tray Transfer ROBOT Tray Lifter Down Reedswitch Absent","500","true","FB_PV24.Alarm.E353","Tray Transfer ROBOT Tray Lifter"
"ALM_E354","E354","E354 Tray Transfer ROBOT Tray Vacuum Cup Sapre","500","true","FB_PV25.Alarm.E354","Tray Transfer ROBOT Tray Vacuum Cup"
"ALM_E355","E355","E355 Tray Transfer ROBOT Tray Vacuum Cup Sapre","500","true","FB_PV25.Alarm.E355","Tray Transfer ROBOT Tray Vacuum Cup"
"ALM_E356","E356","E356 Tray Transfer ROBOT Tray Vacuum Cup Vacuum On Feedback Absent","500","true","FB_PV25.Alarm.E356","Tray Transfer ROBOT Tray Vacuum Cup"
"ALM_E357","E357","E357 Tray Transfer ROBOT Tray Vacuum Cup Vacuum Off Feedback Absent","500","true","FB_PV25.Alarm.E357","Tray Transfer ROBOT Tray Vacuum Cup"
"ALM_E358","E358","E358 Bag Transfer Robot Vacuum Cup Sapre","500","true","FB_PV26.Alarm.E358","Bag Transfer Robot Vacuum Cup"
"ALM_E359","E359","E359 Bag Transfer Robot Vacuum Cup Sapre","500","true","FB_PV26.Alarm.E359","Bag Transfer Robot Vacuum Cup"
"ALM_E360","E360","E360 Bag Transfer Robot Vacuum Cup Vacuum On Feedback Absent","500","true","FB_PV26.Alarm.E360","Bag Transfer Robot Vacuum Cup"
"ALM_E361","E361","E361 Bag Transfer Robot Vacuum Cup Vacuum Off Feedback Absent","500","true","FB_PV26.Alarm.E361","Bag Transfer Robot Vacuum Cup"
"ALM_E362","E362","E362 Sealing Unit Heating Jaw Both Reedswitch Present","500","true","FB_PV27.Alarm.E362","Sealing Unit Heating Jaw"
"ALM_E363","E363","E363 Sealing Unit Heating Jaw Both Reedswitch Absent","500","true","FB_PV27.Alarm.E363","Sealing Unit Heating Jaw"
"ALM_E364","E364","E364 Sealing Unit Heating Jaw Up Reedswitch Absent","500","true","FB_PV27.Alarm.E364","Sealing Unit Heating Jaw"
"ALM_E365","E365","E365 Sealing Unit Heating Jaw Down Reedswitch Absent","500","true","FB_PV27.Alarm.E365","Sealing Unit Heating Jaw"
"ALM_E366","E366","E366 Sealing Unit Vacuum Jaw Both Reedswitch Present","500","true","FB_PV28.Alarm.E366","Sealing Unit Vacuum Jaw"
"ALM_E367","E367","E367 Sealing Unit Vacuum Jaw Both Reedswitch Absent","500","true","FB_PV28.Alarm.E367","Sealing Unit Vacuum Jaw"
"ALM_E368","E368","E368 Sealing Unit Vacuum Jaw Forward Reedswitch Absent","500","true","FB_PV28.Alarm.E368","Sealing Unit Vacuum Jaw"
"ALM_E369","E369","E369 Sealing Unit Vacuum Jaw Reverse Reedswitch Absent","500","true","FB_PV28.Alarm.E369","Sealing Unit Vacuum Jaw"
"ALM_E370","E370","E370 Sealing Unit Bag Opening Cylinder Both Reedswitch Present","500","true","FB_PV29.Alarm.E370","Sealing Unit Bag Opening Cylinder"
"ALM_E371","E371","E371 Sealing Unit Bag Opening Cylinder Both Reedswitch Absent","500","true","FB_PV29.Alarm.E371","Sealing Unit Bag Opening Cylinder"
"ALM_E372","E372","E372 Sealing Unit Bag Opening Cylinder Up Reedswitch Absent","500","true","FB_PV29.Alarm.E372","Sealing Unit Bag Opening Cylinder"
"ALM_E373","E373","E373 Sealing Unit Bag Opening Cylinder Down Reedswitch Absent","500","true","FB_PV29.Alarm.E373","Sealing Unit Bag Opening Cylinder"
"ALM_E374","E374","E374 Tray Feeding Conveyor Buffer Stopper Both Reedswitch Present","500","true","FB_PV30.Alarm.E374","Tray Feeding Conveyor Buffer Stopper"
"ALM_E375","E375","E375 Tray Feeding Conveyor Buffer Stopper Both Reedswitch Absent","500","true","FB_PV30.Alarm.E375","Tray Feeding Conveyor Buffer Stopper"
"ALM_E376","E376","E376 Tray Feeding Conveyor Buffer Stopper Up Reedswitch Absent","500","true","FB_PV30.Alarm.E376","Tray Feeding Conveyor Buffer Stopper"
"ALM_E377","E377","E377 Tray Feeding Conveyor Buffer Stopper Down Reedswitch Absent","500","true","FB_PV30.Alarm.E377","Tray Feeding Conveyor Buffer Stopper"
"ALM_E378","E378","E378 Bag Opening Bottom Vacuum Cup Vacuum On Feedback Absent","500","true","FB_PV31.Alarm.E378","Bag Opening Bottom Vacuum Cup"
"ALM_E379","E379","E379 Bag Opening Bottom Vacuum Cup Vacuum Off Feedback Absent","500","true","FB_PV31.Alarm.E379","Bag Opening Bottom Vacuum Cup"
"ALM_E380","E380","E380","500","true","",""
"ALM_E381","E381","E381","500","true","",""
"ALM_E382","E382","E382","500","true","",""
"ALM_E383","E383","E383","500","true","",""
"ALM_E384","E384","E384","500","true","",""
"ALM_E385","E385","E385","500","true","",""
"ALM_E386","E386","E386","500","true","",""
"ALM_E387","E387","E387","500","true","",""
"ALM_E388","E388","E388","500","true","",""
"ALM_E389","E389","E389","500","true","",""
"ALM_E390","E390","E390","500","true","",""
"ALM_E391","E391","E391","500","true","",""
"ALM_E392","E392","E392","500","true","",""
"ALM_E393","E393","E393","500","true","",""
"ALM_E394","E394","E394","500","true","",""
"ALM_E395","E395","E395","500","true","",""
"ALM_E396","E396","E396","500","true","",""
"ALM_E397","E397","E397","500","true","",""
"ALM_E398","E398","E398","500","true","",""
"ALM_E399","E399","E399","500","true","",""
"ALM_E400","E400","E400","500","true","",""
"ALM_E401","E401","E401","500","true","",""
"ALM_E402","E402","E402","500","true","",""
"ALM_E403","E403","E403","500","true","",""
"ALM_E404","E404","E404","500","true","",""
"ALM_E405","E405","E405","500","true","",""
"ALM_E406","E406","E406","500","true","",""
"ALM_E407","E407","E407","500","true","",""
"ALM_E408","E408","E408","500","true","",""
"ALM_E409","E409","E409","500","true","",""
"ALM_E410","E410","E410","500","true","",""
"ALM_E411","E411","E411","500","true","",""
"ALM_E412","E412","E412","500","true","",""
"ALM_E413","E413","E413","500","true","",""
"ALM_E414","E414","E414","500","true","",""
"ALM_E415","E415","E415","500","true","",""
"ALM_E416","E416","E416","500","true","",""
"ALM_E417","E417","E417","500","true","",""
"ALM_E418","E418","E418","500","true","",""
"ALM_E419","E419","E419","500","true","",""
"ALM_E420","E420","E420","500","true","",""
"ALM_E421","E421","E421","500","true","",""
"ALM_E422","E422","E422","500","true","",""
"ALM_E423","E423","E423","500","true","",""
"ALM_E424","E424","E424","500","true","",""
"ALM_E425","E425","E425","500","true","",""
"ALM_E426","E426","E426","500","true","",""
"ALM_E427","E427","E427","500","true","",""
"ALM_E428","E428","E428","500","true","",""
"ALM_E429","E429","E429","500","true","",""
"ALM_E430","E430","E430","500","true","",""
"ALM_E431","E431","E431","500","true","",""
"ALM_E432","E432","E432","500","true","",""
"ALM_E433","E433","E433","500","true","",""
"ALM_E434","E434","E434","500","true","",""
"ALM_E435","E435","E435","500","true","",""
"ALM_E436","E436","E436","500","true","",""
"ALM_E437","E437","E437","500","true","",""
"ALM_E438","E438","E438","500","true","",""
"ALM_E439","E439","E439","500","true","",""
"ALM_E440","E440","E440","500","true","",""
"ALM_E441","E441","E441","500","true","",""
"ALM_E442","E442","E442","500","true","",""
"ALM_E443","E443","E443","500","true","",""
"ALM_E444","E444","E444","500","true","",""
"ALM_E445","E445","E445","500","true","",""
"ALM_E446","E446","E446","500","true","",""
"ALM_E447","E447","E447","500","true","",""
"ALM_E448","E448","E448","500","true","",""
"ALM_E449","E449","E449","500","true","",""
"ALM_E450","E450","E450","500","true","",""
"ALM_E451","E451","E451","500","true","",""
"ALM_E452","E452","E452","500","true","",""
"ALM_E453","E453","E453","500","true","",""
"ALM_E454","E454","E454","500","true","",""
"ALM_E455","E455","E455","500","true","",""
"ALM_E456","E456","E456","500","true","",""
"ALM_E457","E457","E457","500","true","",""
"ALM_E458","E458","E458","500","true","",""
"ALM_E459","E459","E459","500","true","",""
"ALM_E460","E460","E460","500","true","",""
"ALM_E461","E461","E461","500","true","",""
"ALM_E462","E462","E462","500","true","",""
"ALM_E463","E463","E463","500","true","",""
"ALM_E464","E464","E464","500","true","",""
"ALM_E465","E465","E465","500","true","",""
"ALM_E466","E466","E466","500","true","",""
"ALM_E467","E467","E467","500","true","",""
"ALM_E468","E468","E468","500","true","",""
"ALM_E469","E469","E469","500","true","",""
"ALM_E470","E470","E470","500","true","",""
"ALM_E471","E471","E471","500","true","",""
"ALM_E472","E472","E472","500","true","",""
"ALM_E473","E473","E473","500","true","",""
"ALM_E474","E474","E474","500","true","",""
"ALM_E475","E475","E475","500","true","",""
"ALM_E476","E476","E476","500","true","",""
"ALM_E477","E477","E477","500","true","",""
"ALM_E478","E478","E478","500","true","",""
"ALM_E479","E479","E479","500","true","",""
"ALM_E480","E480","E480","500","true","",""
"ALM_E481","E481","E481","500","true","",""
"ALM_E482","E482","E482","500","true","",""
"ALM_E483","E483","E483","500","true","",""
"ALM_E484","E484","E484","500","true","",""
"ALM_E485","E485","E485","500","true","",""
"ALM_E486","E486","E486","500","true","",""
"ALM_E487","E487","E487","500","true","",""
"ALM_E488","E488","E488","500","true","",""
"ALM_E489","E489","E489","500","true","",""
"ALM_E490","E490","E490","500","true","",""
"ALM_E491","E491","E491","500","true","",""
"ALM_E492","E492","E492","500","true","",""
"ALM_E493","E493","E493","500","true","",""
"ALM_E494","E494","E494","500","true","",""
"ALM_E495","E495","E495","500","true","",""
"ALM_E496","E496","E496","500","true","",""
"ALM_E497","E497","E497","500","true","",""
"ALM_E498","E498","E498","500","true","",""
"ALM_E499","E499","E499","500","true","",""
"ALM_E500","E500","E500","500","true","",""
"ALM_E501","E501","E501","500","true","",""
"ALM_E502","E502","E502","500","true","",""
"ALM_E503","E503","E503","500","true","",""
"ALM_E504","E504","E504","500","true","",""
"ALM_E505","E505","E505","500","true","",""
"ALM_E506","E506","E506","500","true","",""
"ALM_E507","E507","E507","500","true","",""
"ALM_E508","E508","E508","500","true","",""
"ALM_E509","E509","E509","500","true","",""
"ALM_E510","E510","E510","500","true","",""
"ALM_E511","E511","E511","500","true","",""
"ALM_E512","E512","E512","500","true","",""
"ALM_E513","E513","E513","500","true","",""
"ALM_E514","E514","E514","500","true","",""
"ALM_E515","E515","E515","500","true","",""
"ALM_E516","E516","E516","500","true","",""
"ALM_E517","E517","E517","500","true","",""
"ALM_E518","E518","E518","500","true","",""
"ALM_E519","E519","E519","500","true","",""
"ALM_E520","E520","E520","500","true","",""
"ALM_E521","E521","E521","500","true","",""
"ALM_E522","E522","E522","500","true","",""
"ALM_E523","E523","E523","500","true","",""
"ALM_E524","E524","E524","500","true","",""
"ALM_E525","E525","E525","500","true","",""
"ALM_E526","E526","E526","500","true","",""
"ALM_E527","E527","E527","500","true","",""
"ALM_E528","E528","E528","500","true","",""
"ALM_E529","E529","E529","500","true","",""
"ALM_E530","E530","E530","500","true","",""
"ALM_E531","E531","E531","500","true","",""
"ALM_E532","E532","E532","500","true","",""
"ALM_E533","E533","E533","500","true","",""
"ALM_E534","E534","E534","500","true","",""
"ALM_E535","E535","E535","500","true","",""
"ALM_E536","E536","E536","500","true","",""
"ALM_E537","E537","E537","500","true","",""
"ALM_E538","E538","E538","500","true","",""
"ALM_E539","E539","E539","500","true","",""
"ALM_E540","E540","E540","500","true","",""
"ALM_E541","E541","E541","500","true","",""
"ALM_E542","E542","E542","500","true","",""
"ALM_E543","E543","E543","500","true","",""
"ALM_E544","E544","E544","500","true","",""
"ALM_E545","E545","E545","500","true","",""
"ALM_E546","E546","E546","500","true","",""
"ALM_E547","E547","E547","500","true","",""
"ALM_E548","E548","E548","500","true","",""
"ALM_E549","E549","E549","500","true","",""
"ALM_E550","E550","E550","500","true","",""
"ALM_E551","E551","E551","500","true","",""
"ALM_E552","E552","E552","500","true","",""
"ALM_E553","E553","E553","500","true","",""
"ALM_E554","E554","E554","500","true","",""
"ALM_E555","E555","E555","500","true","",""
"ALM_E556","E556","E556","500","true","",""
"ALM_E557","E557","E557","500","true","",""
"ALM_E558","E558","E558","500","true","",""
"ALM_E559","E559","E559","500","true","",""
"ALM_E560","E560","E560","500","true","",""
"ALM_E561","E561","E561","500","true","",""
"ALM_E562","E562","E562","500","true","",""
"ALM_E563","E563","E563","500","true","",""
"ALM_E564","E564","E564","500","true","",""
"ALM_E565","E565","E565","500","true","",""
"ALM_E566","E566","E566","500","true","",""
"ALM_E567","E567","E567","500","true","",""
"ALM_E568","E568","E568","500","true","",""
"ALM_E569","E569","E569","500","true","",""
"ALM_E570","E570","E570","500","true","",""
"ALM_E571","E571","E571","500","true","",""
"ALM_E572","E572","E572","500","true","",""
"ALM_E573","E573","E573","500","true","",""
"ALM_E574","E574","E574","500","true","",""
"ALM_E575","E575","E575","500","true","",""
"ALM_E576","E576","E576","500","true","",""
"ALM_E577","E577","E577","500","true","",""
"ALM_E578","E578","E578","500","true","",""
"ALM_E579","E579","E579","500","true","",""
"ALM_E580","E580","E580","500","true","",""
"ALM_E581","E581","E581","500","true","",""
"ALM_E582","E582","E582","500","true","",""
"ALM_E583","E583","E583","500","true","",""
"ALM_E584","E584","E584","500","true","",""
"ALM_E585","E585","E585","500","true","",""
"ALM_E586","E586","E586","500","true","",""
"ALM_E587","E587","E587","500","true","",""
"ALM_E588","E588","E588","500","true","",""
"ALM_E589","E589","E589","500","true","",""
"ALM_E590","E590","E590","500","true","",""
"ALM_E591","E591","E591","500","true","",""
"ALM_E592","E592","E592","500","true","",""
"ALM_E593","E593","E593","500","true","",""
"ALM_E594","E594","E594","500","true","",""
"ALM_E595","E595","E595","500","true","",""
"ALM_E596","E596","E596","500","true","",""
"ALM_E597","E597","E597","500","true","",""
"ALM_E598","E598","E598","500","true","",""
"ALM_E599","E599","E599","500","true","",""
"ALM_E600","E600","E600","500","true","",""
"ALM_E601","E601","E601","500","true","",""
"ALM_E602","E602","E602","500","true","",""
"ALM_E603","E603","E603","500","true","",""
"ALM_E604","E604","E604","500","true","",""
"ALM_E605","E605","E605","500","true","",""
"ALM_E606","E606","E606","500","true","",""
"ALM_E607","E607","E607","500","true","",""
"ALM_E608","E608","E608","500","true","",""
"ALM_E609","E609","E609 Demo generated alarm","500","true","FB_Servo01.Alarm.E609","System"
"ALM_E610","E610","E610 Demo generated alarm","500","true","FB_Servo01.Alarm.E610","System"
"ALM_E611","E611","E611 Demo generated alarm","500","true","FB_Servo01.Alarm.E611","System"
"ALM_E612","E612","E612 Demo generated alarm","500","true","FB_Servo01.Alarm.E612","System"
"ALM_E613","E613","E613 Demo generated alarm","500","true","FB_Servo01.Alarm.E613","System"
"ALM_E614","E614","E614 Demo generated alarm","500","true","FB_Servo01.Alarm.E614","System"
"ALM_E615","E615","E615 Demo generated alarm","500","true","FB_Servo01.Alarm.E615","System"
"ALM_E616","E616","E616 Demo generated alarm","500","true","FB_Servo01.Alarm.E616","System"
"ALM_E617","E617","E617 Demo generated alarm","500","true","FB_Servo01.Alarm.E617","System"
"ALM_E618","E618","E618 Demo generated alarm","500","true","FB_Servo01.Alarm.E618","System"
"ALM_E619","E619","E619 Demo generated alarm","500","true","FB_Servo01.Alarm.E619","System"
"ALM_E620","E620","E620 Demo generated alarm","500","true","FB_Servo01.Alarm.E620","System"
"ALM_E621","E621","E621 Demo generated alarm","500","true","FB_Servo01.Alarm.E621","System"
"ALM_E622","E622","E622 Demo generated alarm","500","true","FB_Servo01.Alarm.E622","System"
"ALM_E623","E623","E623 Demo generated alarm","500","true","FB_Servo01.Alarm.E623","System"
"ALM_E624","E624","E624 Demo generated alarm","500","true","FB_Servo01.Alarm.E624","System"
"ALM_E625","E625","E625 Demo generated alarm","500","true","FB_Servo01.Alarm.E625","System"
"ALM_E626","E626","E626 Demo generated alarm","500","true","FB_Servo01.Alarm.E626","System"
"ALM_E627","E627","E627 Demo generated alarm","500","true","FB_Servo01.Alarm.E627","System"
"ALM_E628","E628","E628 Demo generated alarm","500","true","FB_Servo01.Alarm.E628","System"
